text,label,notes
"What songs have given you the, ""this is the sound I was looking for."" moment? and what about them sparked that? We all have widely varying tastes in music, and most of you will probably not see what I see in the songs I've posted. That's perfect, because I want to see what kind of songs could evoke the same feeling out of someone with different tastes. This is /r/LetsTalkMusic, so talk about it! Why did these songs have that impact on you?  Note, these songs may not necessarily be your favorite song(anymore), but they made you realize that there's still music out there that will surprise you.


First, [**""Lucky"" by Supercar**](http://www.youtube.com/watch?v=KFLuZubqizI)
*note: cheesy intro*

This is the first song that came to my mind when I asked myself this question, they're a great shoegaze band from Japan. It's the first song that introduced me to shoegaze back in high school. 

When I first heard this song, I'm pretty sure that my eyes quite literally widened, my mouth opened, and I was thinking, ""this is perfect."" I can't exactly place the reason for my reaction, it was my first time having such a positive/emotional reaction to such a...non-emotional song/performance? Saying that is incorrect, I know, but I'm not sure how to word it. However, I believe that's the goal in shoegaze. But to be completely honest, I don't get near the same feeling anymore from it. I still really enjoy it, but it probably wouldn't make into a top ten. If I go a long enough time without listening to it, and come back to it, like I did today, it comes close. The first listen though, that was a feeling of awe.


Second, [**""E"" by Spangle Call Lilli Line**](http://www.youtube.com/watch?v=8e6C8gEUzQ4)

This is from a similar Japanese shoegaze band called Spangle Call Lilli Line. I never expected to get the same feeling as I did from Lucky, from another song within the same genre. That's also part of the reason why I find I like it more than Lucky. The ""this is perfect"" feeling hit me at the 2:00 minute mark and onward. The song, like Lucky, gives me my moment of zen, I guess. The difference is, I can always come back to this, and...it just does it for me. Like for a lot of people, nostalgia is a moderately weighty emotion, and this song gives me a good dose of it while also allowing me to look out the window and just enjoy the moment. Like, ""the past was great, but take a look around and realize that the present has just as much to offer"". The sad thing, I have no idea what the song is actually about. That's not important to me though, as much as that may make a forehead vein bulge for some of you. ha

I could easily post more and branch into other genres, but let's keep it at two. Besides, I'm tired of typing.

I guess I'll answer it before it's asked. If not obvious by my previous statement, I don't know Japanese at all, and I find that I enjoy songs more if I don't understand the language. It's something I realized not too long ago. I used to ask people, ""how the hell do you remember entire songs?"" Then the, ""duh"" moment...they actually listen to the lyrics. I don't know, I don't listen to them, and I rarely find myself caring to. Of course, all the time, I'll get catchy choruses stuck in my head and sing them all day. But more often than not, I hear the vocals as just another instrument. There is one exception, ""Swing Life Away"" from Rise Against, I can probably recite 95% of that song because it's the song I used to learn, miserably, how to play the guitar. I'm sure it's happened a bunch of times to me, but one moment that really sticks out is when I hear Get Away by Yuck, man that sounded good. To my ears I was the perfect sound: noise, fuzz, melody. I'd been trying to find a sound that suited myself in writing music but nothing stuck. Ever since listening to Yuck, however, I feel totally different. I've managed to stay clear of ripping them off but took heavy influence from them. A really cool piece of music.",reaction,
"Ducking' sidechain compression: Discuss Most people probably have no idea what I am talking about so I will explain. 

Sidechain compression is an audio effect in which the volume of one signal is used to drive a compressor which lowers the volume - or 'ducks' - the main signal. The most common traditional use for the effect is when a radio DJ speaks over the music and the music fades out and back in again. It's also used to create space in a mix for the kick drum by momentarily ducking the bass and it's this that I wish to draw your attention to, because it is now the norm to overuse this effect to a preposterous degree.

I'm pretty sure it was Daft Punk who kicked this off. You can hear it on 'One More Time' and 'Harder, Better, Faster' but those tracks are comparatively subtle compared to how it's used today. It's all over that electro pop-dance crap that's suddenly bafflingly popular in the states but you can hear it in lots of other music, dance and non-dance. Trust me, you've heard the effect a lot.

The reason I made this post is that someone in another thread mentioned a new Bonobo album so I gave it a listen and the [first track is rendered completely unlistenable](http://www.youtube.com/watch?v=vHotQANrGCE) by this stupid hackneyed effect. It physically hurts my ears like being repeatedly rendered momentarily deaf. It completely kills the groove and dynamics in a track.

So I wonder if a lot of decent music is being ruined by a production fad. Or maybe it's just me and people quite like it. Will it seem dated in a decade, in the same way that gated reverb in eighties music seems now? Your thoughts? I'm referring to autotune as a whole, though I am a bit more biased towards autotune as an obvious effect, yes. 

subtle autotune can really make the vocals of a song mesh together. extreme autotune can add a really amazing flavor to a song.

but, especially in the case of extreme T-pain style autotune, it's extremely distinct. so you best NOT be lazy. 

basically, for autotune and everything else: put effort into it. (but don't be surprised if almost nobody actually does put effort into it)",analysis,
"Albums which have production so prominent it could be considered 'the extra member of the band'... I always have a soft spot for albums with exquisite / prominent / experimental production.

Think of an album where the production is almost as much of a talking point as the music, where it is used more like an instrument.

Here are a couple that come to mind.

Burial - Untrue
Joy Division - Closer
NIN - The Fragile You failed to understand the premise of OP's question, which you then berated the commenter for not adhering to. The OP's question was a thoughtful one: it refers to ""Production"" as a concept. For some bands and artists, it may play a prominent, essential role for their sound just as important as anything else can or could define them. It had nothing to do with whoever might have been the actual Music Producer on the sessions or whether they were a member of the band officially or not, which brings to mind the cliche of Sir. George being the ""5th Beatle. If you play three notes, those notes as written are the music. When you play it on a Casio keyboard and put it on tape, that process involving the sounds and instruments are the production. This is made very clear in OP's statement. Read it!

You didn't know a thing about Les Paul and thought his song sounded like alright Jazz, nothing more. You don't know what a dynamic range compressor does in the context of a recording studio. No problem at all. We all have knowledge gaps. I don't even know *how* to play guitar.

But you then go on to treat  the **commenter** like an idiot based on your own limited understanding.

 You shouldn't be a Mod. You can say I'm getting on your case all the time, but it's always justified by your extremes of behavior. Before I just saw hypocrisy (""No lists except my offical list""). This shit is now mean-spirited -  arrogance mixed with ignorance. You owe the commenter an apology, you need to step down. No one can excuse you for this one. It's only one in a series.",analysis,
"What album do you think is a 10/10? What are some albums that you think are nearly perfect, or at least perfect to you? Whether it be by personal connection to you (Mine would be Underdogs from Matthew Good Band) or just one damn good song after another over and over (Discovery from Daft Punk) coil - music to play in the dark volume 2

from beginning to end, this album is mesmerizing.  it changed my opinion on what industrial and post punk could be, and what music could be.  batwings (a limnal hymn) contains the most poignant vocal tracks i have ever heard.  the first time i heard this i stopped what i was doing and just stared out the window, listening, completely stunned.  every transition, every sound, is immaculately and expertly chosen.  this is COIL at the peak of their existence.",reaction,
"Has the vinyl revival gone too far? [AV Club article that was my inspiration](http://www.avclub.com/articles/has-the-vinyl-revival-gone-too-far,93610/)

While I do think vinyl should be looked upon as something that the music industry is doing right (in terms of offering more bang for one's buck),  I've always been skeptical of vinyl's resurgence as it's always struck me as object fetishism instead of genuine musical appreciation. (I was dumbfounded when a My Bloody Valentine fan apparently cared not that their vinyl copy of Loveless was an unauthorized bootleg mastered from the CD. He might as well have just listened to the CD or an MP3, but I guess those don't bring about any kind of bragging rights....)

 But CDs aren't very portable either, so they're kind of a crappy middle ground.  Vinyl + mp3 is the perfect release format IMO.  Better artwork/extras, record for when you want to put it on for serious, and mp3 to go in the collection to listen to every day.",opinion,
"Your Top Five Favorite Musical Moments  In order as I'm thinking of them....

1. In ""Rocks Off"" by The Stones. When they sing ""splattered on the dirty road"" for the first time, the word dirty sounds like ""dirsty"".

2. The punch to the gut that happens whenever I put on Slayer. If I'm going to narrow it down to a moment, then the intro to ""Angel of Death"" fucking slays me (no pun intended) every time.

3. That weird combination of laughter and catharsis that happens whenever I put on the Harry Nilsson song ""You're Breaking My Heart"". Specifically that chorus.

4. The surge of joy I get whenever I hear Stevie Wonder sing the chorus of ""Sir Duke"".

5. The whole second verse of the Father John Misty song ""Tee Pees 1-12"".

Bonus:

- The verse melody of ""Don't Talk"" by The Beach Boys",reaction,
"Music that revolutionized your taste in music. What are the bands that opened up whole new genres for you? 

When I was 16, I got into Streetlight Manifesto. I had already been listening to some punk and third-wave ska, but after listening to them, I got really into it. Gone were the days of listening to blink-182 and Reel Big Fish, I got into the more hardcore style. It made me appreciate bands like The Clash a lot more. 

I really loved how they were able to fit in so many instruments at such a high pace. I never heard something like this before, the way they combine punk with lots of other types of music. I don't think I ever heard a band that is similar to Streetlight Manifesto. Too bad they are overdoing their own sound now.

Streetlight Manifesto: http://www.youtube.com/watch?v=xo76ijhUqjE

Then one day, I found out about a band named The Skints. I heard about them after going to a Streetlight Manifesto show, talking about ska with people. They are closer to the true Ska sound, unlike bands like Reel Big Fish. They mix their ska with dub, reggae and a bit of punk. It pulled me away from third wave ska and got me into Desmond Dekker and The Specials. They don't have much of their stuff on youtube, but their first album in my opinion, as a whole, is one of the best I've ever heard. Took me like 5 whole listens to appreciate it, but now that I do, I really love it. 

Give this band a shot if you like diversity in the songs, multiple good vocals, and just the feel of an album, and not 11 random songs put together on one CD.

The Skints: http://www.youtube.com/watch?v=iRpfIsyLcBc (their first song on the first album, it flows right into the second on the album, too bad you miss that here).

After having listening to a lot of punk and ska, I had to listen to something new. I asked around a lot, on what people were listening to, but for some reason, dubstep, electronic music and metal don't suit me at all. And if you ask random people, they will most likely recommend that kind of music. But someone on a football forum of all places got me listening to a band called Alison's Halo. I fell in love with them instantly. 

The vocals were so soothing and the guitars were perfect together with the vocals. This got me into the shoegaze/dreampop stuff. My Bloody Valentine, Slowdive, Airiel, etc. 

Alison's Halo: http://www.youtube.com/watch?v=W218HJXj8Fo 

My latest revolution in music taste came from Neutral Milk Hotel. A girl I had a crush on told me about this band, and a few months later, I gave it a real shot. Now In The Aeroplane Over The Sea is my most listened album (at this moment) and I am listening to bands like of Montreal, Elf Power, Beulah, The Apples In Stereo and even more punky folk stuff like Andrew Jackson Jihad, back to the punk stuff where it all kinda started for me. Also the reason why this video just gives me chills: http://www.youtube.com/watch?v=H5CQYXdZDNY
If only I could have been there...

Bands like this make me appreciate various instruments apart from the guitar, bass and drums. A high school kid will tell you the trumpet or violin are gay. I love those instruments. You can make great music in almost any genre with those instruments. They should teach this at school (they don't in Holland). 

Neutral Milk Hotel: http://www.youtube.com/watch?v=XLaFLztnL84

I'm curious as what I'll be listening to in 5 years. Maybe I'll get into more electronic music and dubstep. It's just amazing how much good music there is to be found. I never heard of Neutral Milk Hotel a year ago, yet they are a very big name in the music scene. It's sad to know that I will never get to enjoy all of it. 

Sorry for the long post, and if this invites ""list-like responses"". I hope you will post similar stories to mine, and mention why the bands revolutionized your tastes.  When indie rock started getting really boring to me around '96 [I found this electronic music comp](http://www.discogs.com/Various-Excursions-In-Ambience/release/58703) used at a local record store. Soon I was going to my first real rave, and it was all downhill from there. (Actually come to think of it that same year I had already been to Tresor in Berlin kind of randomly, so that probably helped ease the transition.)",reaction,
"What bands do you think really screwed themselves over?  I could name a few, but these are my top two: 

1- **Anvil** (an early 80s thrash metal band). I watched the documentary ""Anvil! The Story of Anvil"" on netflix, which is basically about how back in the early 80s, they were playing large festivals alongside the likes of Bon Jovi, but since then, due to bad management, bad producers and probably just general ineptitude for the business-side of music, they never got the big break that their initial success seemed to deserve and even though to this day, they still try to write and record a hit album that'll get them noticed, they play gigs that barely net more than 50-100 people. 

2-**MGMT** This was probably more due to record labels trying to cast them as a pop-band when if anything they were actually more of a indie-rock band. Even so, they tried to make the transition toward artistic/creative control way too quickly with their second album (""Congratulations"") and I think ultimately lost a huge amount of their previous following (many of whom only knew them for ""Kids"" and ""Time To Pretend""). I heard somewhere that their next album is going to be much more tightly controlled by their label (due to the mediocre success of ""Congratulations""), so maybe they'll pick up steam again.

EDIT: Yes, I'm mainly referring to commercial failure, ""Congratulations"" was by no means a bad album, I thoroughly enjoyed it. BUT for the majority of their audience who was expecting more pop rock releases,  ""Congratulations"" pushed MGMT back into obscurity for the time being.  Yeah I'm absolutely referring to commercial success. Artistically, it was great, but it still alienated a lot of people who weren't aware of their indie roots (which may or may not be a bad thing in the long run, but in the short run, it's pushed them back into relative obscurity for the time being).",analysis,
"In defense of Van Halen As you probably know - Eddie Van Halen and his brother Alex have ""reunited"" (again) with David Lee Roth and are actually releasing an entire album of new music next month to be followed very shortly afterwards by a tour.  I'm a lifetime fanatic who's never quite given up on the band - even during the decades I wasn't particularly a fan of the music. Because even when Van Halen was at their Cherone-est, they were doing what they do best - making a glorious, gigantic mess of everything in their path for no good goddamn reason. Unintentionally, of course, which makes it all the more endearing.



Many people are upset by the fact that Michael Anthony, unduly maligned bassist and trademark back up vocalist, has been replaced (uncerimoniously) by Ed's son Wolfgang. A lot of die hard CVH (the c is for ""classic”) fans want nothing to do with this abomination of the Van Halen name. 


They're missing the point. This sort of missed opportunity/colossal fuck up is exactly what makes Van Halen the band they are. This is a band that has existed for 35 years and climbed the absolute highest heights of rock and roll fame without appearing to have a fucking clue what they were doing.  They are dysfunction personified. Sammy Hagar speaks of his years with the band in retrospect as if he survived some unspeakable natural disaster that unfolded in slow motion over the course of a decade. And this is a guy who appears to like anyone who'll drink with him. 
 
Everything this band has done has been baffling and frustrating and yet it wouldn't be the same if all they did was put out consistent records and go out on tour like clockwork. The unavoidable mess their  collective careers has been - a collision of ego, addiction, insecurity and empowerment - is part of the band's lasting appeal to me. They never seemed like an act. There was no one pulling the strings. Just a bunch of guys who started out as a little cover band from Pasadena and got real big real fast and never quite got the hang of how to deal with any of it or what they were supposed to do. 


To summarize, I use a single song off their still indispensible first album as example of what their entire head slapping career means to me... The track is called I'M THE ONE. It opens with a blistering riff that literally sounds like Eddie's pick bouncing off the strings because it doesn't have time to actually pluck them. Al's drums kick in like a kid jamming in his bedroom without any concern for what anyone else is doing. In a good way. Mike Anthony delivers a pounding bass line that propels the song as much as any element. The descending vocal/chords of the bridge ""You know your message from above..."" sound like they may come off the proverbial tracks at any moment. The solos have no backing guitar track, naked in all their fucking rock glory - and then the song stops....





And there's a fucking a capella barbershop quartet style do-wop section. 



Right there in the middle of the song. 



There is no precursor to this on the rest of the album. The only moment of ""humor"" on the whole thing is the cover of Ice Cream Man a few tracks later. Who the fuck would think it was a good idea to stop the amazing momentum of that badass song for a bap-bada-shooby-do-waa four part harmony? Didn't they have any idea how WRONG it was to do that? Or how horribly awry things could have gone? 

Nope.  


That song is my first memory of Van Halen and I'm The One is my #2 of all time song by them.  So yes, as I've said before they're like the drunken uncle who shames himself every time he goes out in public. But for all the idiocy and embarrassment and aggravation, there's always the chance that he's going to do something cool again because he doesn't know any better. 


I intend to be there, just in case. 


So you can have your bands with their tidy, well organized and impeccably managed careers and images. I'll take the guys who are making it up (and fucking it up) as they go along.  37? I meant he introduce their music to me in 84. Hope you understand now, also English is not my first language.",analysis,
"That song you love that nobody else ""gets""... Mine is [Things I Did When I Was Dead](http://www.youtube.com/watch?v=TKxP-HPZ1KE) by No Age. I don't even listen to No Age...this is the only song I know by them. I cannot explain how this song makes me feel...it is so deeply and subtly moving, the definition of something tugging at your heartstrings. What is it about this song?? I wish I knew... I've showed it to my best friends, we've discussed...nobody gets it.

What's yours?  The problem with WL/WH/WT is that it was a bit of a bandwagon album. For the most part the alternative era was in full swing and no one wanted to ear from old rockabilly punks, so they beefed up the sound and went huge on the production. And though I think some of those riffs are legendary and it's one of the best driving albums of all time, lyrically it isn't as dense as most of their other stuff.

Let me be more clear though. I think it is their worst album. But it is still my favorite album.",reaction,
"Let's talk: The Doors I've noticed that The Doors don't get as much attention on Reddit as bands like The Beatles, Pink Floyd, Led Zeppelin, Jimi Hendrix, etc. and I'm wondering what you guys think of them. I've only listened to The Doors, Strange Days, LA Woman and Morrison Hotel and am a huge fan of them. I haven't gotten around to listening to their other albums because I've heard they aren't very good. 

So what do you guys think of The Doors? Any fans of them on r/LetsTalkMusic? &gt;I haven't gotten around to listening to their other albums because I've heard they aren't very good.

I agree that they aren't, but if you enjoyed the other albums, why the hell not give them a listen? I mean, worst case scenario you spend less than two hours listening to not-so-great music. There are awesome songs in there, and you shouldn't refrain to listening to music from what others say about it.

Anyway, about The Doors. I haven't listened to them in a few years, but I was a huge fan during my early adolescence. I feel that although some lyrics are truly great, some others feel a bit corny. Morrison wasn't as cultured as he pretended to be (or as he is pictured post-mortem). And a similar thing happens to me with the music itself. The band has a very particular sound, catchy and dark at times, but it sometimes appears to overdo itself and slide into things like *The Soft Parade*.

As to why they don't get so much attention in reddit... who knows. The hivemind works in misterious ways. They're still a very highly regarded band and the fact that we're talking about them 40 years after their last album came out speaks of how influential they were.",opinion,
"In defense of Van Halen As you probably know - Eddie Van Halen and his brother Alex have ""reunited"" (again) with David Lee Roth and are actually releasing an entire album of new music next month to be followed very shortly afterwards by a tour.  I'm a lifetime fanatic who's never quite given up on the band - even during the decades I wasn't particularly a fan of the music. Because even when Van Halen was at their Cherone-est, they were doing what they do best - making a glorious, gigantic mess of everything in their path for no good goddamn reason. Unintentionally, of course, which makes it all the more endearing.



Many people are upset by the fact that Michael Anthony, unduly maligned bassist and trademark back up vocalist, has been replaced (uncerimoniously) by Ed's son Wolfgang. A lot of die hard CVH (the c is for ""classic”) fans want nothing to do with this abomination of the Van Halen name. 


They're missing the point. This sort of missed opportunity/colossal fuck up is exactly what makes Van Halen the band they are. This is a band that has existed for 35 years and climbed the absolute highest heights of rock and roll fame without appearing to have a fucking clue what they were doing.  They are dysfunction personified. Sammy Hagar speaks of his years with the band in retrospect as if he survived some unspeakable natural disaster that unfolded in slow motion over the course of a decade. And this is a guy who appears to like anyone who'll drink with him. 
 
Everything this band has done has been baffling and frustrating and yet it wouldn't be the same if all they did was put out consistent records and go out on tour like clockwork. The unavoidable mess their  collective careers has been - a collision of ego, addiction, insecurity and empowerment - is part of the band's lasting appeal to me. They never seemed like an act. There was no one pulling the strings. Just a bunch of guys who started out as a little cover band from Pasadena and got real big real fast and never quite got the hang of how to deal with any of it or what they were supposed to do. 


To summarize, I use a single song off their still indispensible first album as example of what their entire head slapping career means to me... The track is called I'M THE ONE. It opens with a blistering riff that literally sounds like Eddie's pick bouncing off the strings because it doesn't have time to actually pluck them. Al's drums kick in like a kid jamming in his bedroom without any concern for what anyone else is doing. In a good way. Mike Anthony delivers a pounding bass line that propels the song as much as any element. The descending vocal/chords of the bridge ""You know your message from above..."" sound like they may come off the proverbial tracks at any moment. The solos have no backing guitar track, naked in all their fucking rock glory - and then the song stops....





And there's a fucking a capella barbershop quartet style do-wop section. 



Right there in the middle of the song. 



There is no precursor to this on the rest of the album. The only moment of ""humor"" on the whole thing is the cover of Ice Cream Man a few tracks later. Who the fuck would think it was a good idea to stop the amazing momentum of that badass song for a bap-bada-shooby-do-waa four part harmony? Didn't they have any idea how WRONG it was to do that? Or how horribly awry things could have gone? 

Nope.  


That song is my first memory of Van Halen and I'm The One is my #2 of all time song by them.  So yes, as I've said before they're like the drunken uncle who shames himself every time he goes out in public. But for all the idiocy and embarrassment and aggravation, there's always the chance that he's going to do something cool again because he doesn't know any better. 


I intend to be there, just in case. 


So you can have your bands with their tidy, well organized and impeccably managed careers and images. I'll take the guys who are making it up (and fucking it up) as they go along.  &gt;I've been listening to Van Halen since 1984 (through my uncle)

I hope you are at least feeding your uncle... 37 years is a long time to be laid across a speaker.",opinion,
"Let's Talk: The National The National is my favorite band since I heard Alligator. These days, I listen to them almost exclusively and it's honestly made changes to my life.

The lyrics are so dark, melodic and beautiful, Berninger's voice is fantastic and the rest of the band are also so good at what they do, fabulously talented individuals. 

Just wondering what you guys think of them. If you're a fan, what's your favorite song by them? Album? You think the new album is going to drop this year or 2014?

If not, check out this song: http://www.youtube.com/watch?v=45OKNWxvgXg&amp;amp;feature=youtube_gdata_player I love The National and it is really worth tracking down the White Sessions and the Black Sessions that they did for French Radio. I think my favorite tracks are Wasps Nest and City Middle although all of them are great. Can't wait for the new LP",opinion,
"Bands/Musicians you want to like, but don't. Basically bands that you feel compelled to like, but no matter how much you try, the appeal is completely lost on you.

Mine:

* **Raveonettes** A really poorman's version of The Jesus and Mary Chain, yet I still check out their newer stuff in hopes it'll eventually be quality.

* **A Place to Bury Strangers**  Kind of the same as above. I see the appeal, but it doesn't really seem like there's much to them beyond being influenced by The Jesus and Mary Chain's ""Just out of Reach"" (to the point where they covered the track!). Hell, even their cover of Love and Rockets' ""The Light"" sounded like Just Out of Reach! I don't dislike the band, but it kind of wears thin after a while.

* **Grouper** Like a really boring version of [Flying Saucer Attack](http://www.youtube.com/watch?v=hiCatF0Coz8) dronier material. I was also more annoyed that [Roy Montgomery's portion of his split with Grouper](http://www.youtube.com/watch?v=R02B596uS6k) did not receive more attention. I check out her stuff still, but there's just not much too it, IMO.

* **A Perfect Circle** Eh, Tool-lite. I like some of the tracks, but it feels like a consolation prize for having to wait 5+ years between Tool albums.


* **M83** Not bad, just very thin-sounding, IMO. The ""Lost John Hughes Film Score"" sound they have now just kind of strikes me as odd and not enough of it really sticks out.

* **Explosions in the Sky**. IMO, they were Mogwai/GYBE! for those with ADD. It seemed like their main draw (circa 2001, anyway) was that they were GYBE!'s epic feel, but at half the running time. As much as I love GYBE!, and to a slightly lesser extent Mogwai, I find all the bands they influenced to be completely boring as shit.

* **Sigur Ros** to be fair I haven't checked them out since Agaetis Byrjun, but the vocals really annoyed me. I see the appeal, but I can't really get past the vocals otherwise. I dunno, music production may be the one oversight in my rather thorough musical education but just like I disregard artists who try to sell themselves purely on their technical wizardry or their ability to invert chords I have little to no time for albums being sold on the strength of production values either.",reaction,
"Lets have a Discussion - Is performance dead? I have been to and seen many shows over the past while, i'm talking young up and coming acts around London.

Now dont get me wrong, i understand many of these up and coming bands have little to no budget and are doing this all themselves, but i saw something interesting on the UK X Factor a few weeks back that got me thinking.

Bruno Mars - Runaway Baby http://www.youtube.com/watch?v=o95FLUk7o9Q

This blew me away! i'm not really a big fan of Bruno Mars, but this PERFORMANCE totally made me respect him and his band.

Its simple, it works, it draws you in. he is PERFORMING the song, not just singing it.

I just find it frustrating to see new bands not give this thought. meh, I don't see too many (none come to mind at least) electronic artists becoming super-popular because they are good. It seems to me that to break out of genre shows and smaller events you have to incorporate something more entertaining than playing your tracks.",opinion,
"Music that revolutionized your taste in music. What are the bands that opened up whole new genres for you? 

When I was 16, I got into Streetlight Manifesto. I had already been listening to some punk and third-wave ska, but after listening to them, I got really into it. Gone were the days of listening to blink-182 and Reel Big Fish, I got into the more hardcore style. It made me appreciate bands like The Clash a lot more. 

I really loved how they were able to fit in so many instruments at such a high pace. I never heard something like this before, the way they combine punk with lots of other types of music. I don't think I ever heard a band that is similar to Streetlight Manifesto. Too bad they are overdoing their own sound now.

Streetlight Manifesto: http://www.youtube.com/watch?v=xo76ijhUqjE

Then one day, I found out about a band named The Skints. I heard about them after going to a Streetlight Manifesto show, talking about ska with people. They are closer to the true Ska sound, unlike bands like Reel Big Fish. They mix their ska with dub, reggae and a bit of punk. It pulled me away from third wave ska and got me into Desmond Dekker and The Specials. They don't have much of their stuff on youtube, but their first album in my opinion, as a whole, is one of the best I've ever heard. Took me like 5 whole listens to appreciate it, but now that I do, I really love it. 

Give this band a shot if you like diversity in the songs, multiple good vocals, and just the feel of an album, and not 11 random songs put together on one CD.

The Skints: http://www.youtube.com/watch?v=iRpfIsyLcBc (their first song on the first album, it flows right into the second on the album, too bad you miss that here).

After having listening to a lot of punk and ska, I had to listen to something new. I asked around a lot, on what people were listening to, but for some reason, dubstep, electronic music and metal don't suit me at all. And if you ask random people, they will most likely recommend that kind of music. But someone on a football forum of all places got me listening to a band called Alison's Halo. I fell in love with them instantly. 

The vocals were so soothing and the guitars were perfect together with the vocals. This got me into the shoegaze/dreampop stuff. My Bloody Valentine, Slowdive, Airiel, etc. 

Alison's Halo: http://www.youtube.com/watch?v=W218HJXj8Fo 

My latest revolution in music taste came from Neutral Milk Hotel. A girl I had a crush on told me about this band, and a few months later, I gave it a real shot. Now In The Aeroplane Over The Sea is my most listened album (at this moment) and I am listening to bands like of Montreal, Elf Power, Beulah, The Apples In Stereo and even more punky folk stuff like Andrew Jackson Jihad, back to the punk stuff where it all kinda started for me. Also the reason why this video just gives me chills: http://www.youtube.com/watch?v=H5CQYXdZDNY
If only I could have been there...

Bands like this make me appreciate various instruments apart from the guitar, bass and drums. A high school kid will tell you the trumpet or violin are gay. I love those instruments. You can make great music in almost any genre with those instruments. They should teach this at school (they don't in Holland). 

Neutral Milk Hotel: http://www.youtube.com/watch?v=XLaFLztnL84

I'm curious as what I'll be listening to in 5 years. Maybe I'll get into more electronic music and dubstep. It's just amazing how much good music there is to be found. I never heard of Neutral Milk Hotel a year ago, yet they are a very big name in the music scene. It's sad to know that I will never get to enjoy all of it. 

Sorry for the long post, and if this invites ""list-like responses"". I hope you will post similar stories to mine, and mention why the bands revolutionized your tastes.  If you like heavy music, I recommend checking out The Angelic Process.  It's like a super-heavy My Bloody Valentine. It's very noisy, very spacy, very mean.",opinion,
"Let's Talk: Sellout Albums The term sellout is thrown around a lot. And most of the time it's negative, but I don't mean it to be negative. What I want to talk about here is albums in which the band A) Sold more records than previous albums and B) The band (maybe even slightly) changed their style to do-so.

When someone says sellout album to me, I think of 4 specific albums:

*Muse - Black Holes and Revelations*

This album was less heavy than previous works. It was around the release of this album that compassion between Muse and Queen became common. I couldn't find exact numbers, but it was their highest selling album at the time.

*Metallica - Metallica (Black Album)*

I'm sure no one needs an explanation as to why I feel like this is a Sellout album. Metallica abandoned their melodic, harmony-filled style in favor of a more simplistic, slower, catchier, style. This album went 16x platinum.

*Modest Mouse - Good News for People Who Love Bad News*

We see a lot of changes in this album. While not every song on previous albums were long, this album only has one single song over five minutes long. The songs are more hook based, and there is significantly less use of the whammy bar on the guitars, which was a staple of their sound up to this point. It sold 1.5 million copies, their highest selling album to date.

~~*Bob Dylan - Bringing It All Back Home*~~

~~This was Dylan's first electric album. It really pissed off a lot of people. Dylan went on to continue to play electric for the rest of his 40+ year career.~~

Edit: Fair enough, I suppose Dylan was in fact, NOT selling out.

*I'm not by any means saying these are the only Sellout albums, or even the best 4 examples. These are just personally what comes to mind for me.

The interesting thing about these albums, is that even though each of them represent a point in the artist's career when they changed their sound for the mainstream, I think they are all very good albums. (Maybe with the exception of Metallica) I listen to all of these on a regular basis. In the case of Muse and Metallica, most people would argue that the quality of their work decreased after the release of these albums. Modest Mouse and Bob Dylan, on the other hand, have released quality material even after a dramatic shift in their sound.

What are your thoughts on Sellout albums?
 But at that point, what is Green Day selling out? They went mainstream 10 years earlier with *Dookie*. But that didn't even require any alteration to their sound, because they weren't a hardcore punk rock act to begin with. They did change their sound a made a prom song with ""Good Riddance,"" but that was still years before *American Idiot*.

Selling out punk ideals? Did Green Day ever hold those ideals? If we're talking making political messages part of your music, then *American Idiot* is a return to punk ideals as it's the most politically charged music they had ever made to that point. If anything, it was an appeal to the punk rock base they had long abandoned in a hope to be accepted once again. And maybe to curry critical favor.",analysis,
"I am constantly disappointed by terrible metal vocals, and yet grew up on and love heavy metal. Metallica was the first band I cared about. I love other metal bands but am constantly disappointed by awful vocals. I just don't love the growling and don't think I can ever get into it.

This post is inspired by checking out the latest Maudlin of the Well record on Spotify after hearing it was great. The first song was a gorgeous instrumental. The second song was much much heavier but still good. Until the vocals came in...just growling!

I always hear about acclaimed metal bands that are guilty of this. Mastodon, much of Baroness, Isis, Maudlin of the Well, these are just some of the guilty. 

Some favorites of mine that are NOT guilty of this: Metallica, Tool, The Sword, some of Baroness. I even like some Pantera - they growl but not quite as much. 

There is an opposite of this too - the operatic ""power metal"" vocals, I just find it all cheesy. Iron Maiden, Manowar, Dio, etc. I can't get into it. 

Why isn't there more metal with just regular vocals? I won't deny that his voice has always been incredible. The man has a way of always having that strange hollow 'click' noise at the back of his throat like you get in an inhaled scream, but maintains the power, projection and clarity of what are clearly exhaled ones.

Having said that, the man certainly hides behind his effects, and his live performances (vocal-wise) are always a bit of a gamble.",opinion,
"What resonates with you the most? Conversational-simplistic or masterful-complicated? I'll build my stance around the first two bands that come to my mind on the two ends of the spectrum: The Magnetic Fields and The Mars Volta.

Stephin Merritt composes very simple melodies and writes really stripped down, to the point lyrics and yet the musical outcome is so emotional and more importantly it doesn't get old.
[The Magnetic Fields - All My Little Words](http://www.youtube.com/watch?v=eo8vW_0H_Kg)

It more and more seems to me like bands that choose the polar opposite approach to rock music, despite their intentions to be memorable and unique, fall short in timelessness.

[The Mars Volta - Roulette Dares](http://www.youtube.com/watch?v=8lKUl_bO4QA)

These types of songs are no doubt very impressive and perhaps even more emotional than simple folk songs, but it's lack of an objective meaning, lack of compositional restraint, lack of minimalism just doesn't do it for me.

It's like if I had to choose between an overcooked but ambitious **bone-marrow coated poached duck liver over some pig-blood thai noodles** and a **perfectly fried chicken with corn salsa**. Sure I'd go for the duck liver with amusement once in a while, but every other day I'd go for the chicken and lick that plate dry.

Which could bring us to another point of the handful of bands that have achieved a perfect balance, like Pink Floyd - I mean, who doesn't like Pink Floyd? This may sound like an ignorant comment at first, but seriously, think about it, who doesn't like Pink Floyd? I think they are so great because they are incredible musicians who know every second of sound matters, who know less could be more, and more could also be more, both in moderation.

I've been on a taste-in-music roller coaster all my adult life and this is where I'm at right now. Obviously I'm not arguing the moot point of 'which is better?'... I have my temporary point of view, you have yours - let's talk about it! I didn't think the OP was talking about minimalist music, especially judging by the Magnetic Fields song linked in the post. I wouldn't call it minimalist to hammer away on an acoustic guitar like that.",analysis,
"Let's talk: Alcest I'm not really sure what to think of this band. I really enjoy their music, and it is because of them that I now know and appreciate shoegaze as a genre (it's listed as one of their genres on Wikipedia, which peaked my curiosity). But I feel like they themselves are only shoegaze in a very vague sense of the word.

They're a metal band, you can't dispute that. But it's almost like they're so post-black metal that they accidentally wandered into an entirely different genre. In their latest record, there's really only very few instances of anything distinctly metal (a growl, a blastbeat).

I think the really unique thing about them is that their riffs and melodies have a very ""metal"" style and feel to them, in terms of mixing, tone and even the general feel of their distortion, but they don't actually sound *that* metal.

I love the vocals. It has a very drone quality to it, but at the same time, is it obvious that Neige is clearly a hugely talented singer.

I don't know. I don't really have a ton to say in terms of conversation starters, I'm just curious what all you guys think about them. I'll throw some links below in case you're aren't familiar with their work.

[Autre Temps](http://www.youtube.com/watch?v=xCwGMLncumM)

[Sur L'Ocean Couleur De Fer](http://www.youtube.com/watch?v=waGDKnFv_Vg) I really enjoy quite a bit about Alcest.  I guess the entire project is an attempt by Neige to capture the essence of a series of dreams he had as a child about a strange magical world.  I find that intriguing and it makes his music more intriguing in turn.  It isn't often that you find a ""metal"" band that you can describe as soothing and contemplative, but his definitely fits the bill.

Honestly, I imagine the biggest barriers to his mainstream success are the fact that the music isn't in English, none of it is particularly radio-friendly, and it's pretty hard to describe by just assigning it a genre and recommending it to people.  I've found the people who usually enjoy it aren't fans of metal, but are more into post-rock.  Being a fan of both, it works just fine for me.  The only comparable  band I can think of is Isis.",analysis,
"Bands which are considered ""One Hit Wonders"" but IYO had more than just one great song. I'll start with Crowded House. This Australian/NZ combo is best known for their big international hit [Don't Dream It's Over](http://www.youtube.com/watch?v=J9gKyRmic20), but they've released 6 albums with amazing variation in their material. From [Fall At Your Feet](http://www.youtube.com/watch?v=82JZh3VyE2M) and [Locked Out](http://www.youtube.com/watch?v=Y9oP8jfhOes) from before their breakup to their post-reunion material like [Saturday Sun](http://www.youtube.com/watch?v=S49d0JaRu1k) they're just such an amazing pop band. I would also be remiss if I didn't mention  Neil Finn did an amazingly moving version of the Crowded House classic [Better Be Home Soon](http://www.youtube.com/watch?v=ps-NiTtb6x4) at the 2005 Arias (the Australian equivalent of the grammys) to honor the original drummer of the band, Paul Hester who died in 2005. I could go on and on about Ween (Ween fans tend to) but they only really had one hit - [Push th' Little Daisies](http://www.youtube.com/watch?v=6PAzqBUNlCs).",analysis,
"Animal Collective In Washington - Huzzah! Lovers/Haters, Come On In! **EDIT** I apologize beforehand if my phraseology upsets you; I was a bit tipsy when writing my initial post

Just bought myself one of the best birthday gifts ever: tickets to see Animal Collective in September! Totes excited and can hardly wait to see them. I don't really have an overall purpose to this post, other than to get some opinions on the band I guess, and to see if anyone else is going to see them this year!

I know they get a lot of hate (hey, a lot of my friends can't stand them) and I can totally see why some aren't fond of them. At first, a lot of it may seem like a bunch of noise. Hell, I really hated them when I first heard them. But some*thing* brought me back over and over again, wanting to listen to them more and more. I went from an anti-Animal Collective person to a full-blown Animal Collective fanatic almost overnight. 

For me, almost ALL of their songs make me *hear* and *feel* beautiful colors. I'm not one to drop acid or smoke the ganja when I listen to their work, but I can still feel like my mind is going somewhere different - somewhere fantastic. I know that music is very subjective, but I always feel an overwhelming joy when I listen to them. It feels like a big wave of ""hey, have fun and be happy because you CAN"" hits me and nothing is going to stop it. To me, almost all of their songs have positive messages (but again, music is completely open to interpretation). 

There are also those songs that sound so unbelievably beautiful to me like [In The Flowers](http://www.youtube.com/watch?v=SY8WH8qgBLM), [Loch Raven](http://www.youtube.com/watch?v=WiGI_UsWcWs) and even [Safer](http://www.youtube.com/watch?v=4rvPX8UlQ78). Just like a Pink Floyd album, I feel it's best to just sit down, put on an Animal Collective album and enjoy the music that these young men have put their hearts and souls into and appreciate it for being a wonderful expression of their emotions/feelings. (I'm not comparing them to Pink Floyd, just comparing the fact that I think one should sit down and focus on the albums of these bands to truly have an appreciation for the music they have made).

The albums that really make me *hear* and *feel* colors the most are Feels, Strawberry Jam, and the EPs Water Curses, People, and Fall Be Kind. I thoroughly enjoy all of their albums save for Danse Manatee, Here Comes the Indian and a bit of Spirit They're Gone as some of it definitely does sound very abrasive, almost *daring* the listener to like it (not saying it's bad, just saying it's a bit abrasive for my own taste).

**TL/DR** I ~~like~~ **love** Animal Collective a whole lotlotlot; I get to see them in September; post your opinions of the band if you fancy
 They're one of my all time favorite artists, but unfortunately they're skipping over the Midwest for their upcoming tour. But yes, the music is amazing, and I'm ridiculously excited for Centipede Hz. Honeycomb / Gotham were great as well. 

I guess I would say I've been an ""Animal Collective person"" since I started listening to music, but their music deviates from the norm so often that they can be difficult to appreciate. In fact, Honeycomb came on in a playlist while my dad was in the room and he turned around and glared at me, and when it was over told me it was ""wretched"". Come to think of it, my brother, myself, and my cousin are the only people I know of in real life who listen to them.

I fell in love with them when I was about 14 or 15 and got my first iPod for Christmas. My brother loaded it with a bunch of his music, including *Feels* and the *People* EP, from that point I discovered *Sung Tongs* and was just obsessed. It wasn't until recently, though, when I started getting heavily into music again, that I gave *Spirit They're Gone, Spirit They've Vanished* a full listen, and I'm glad I did, as it now might be my favorite album by them, followed closely by *Merriweather Post Pavillion*, *Feels*, and *Sung Tongs*.

Songs like [Winter's Love](https://www.youtube.com/watch?v=mSTSD2EhMUI) and [Banshee Beat](https://www.youtube.com/watch?v=jj-0vMrZJbo) are incredibly calming to me, and just sound beautiful, while tracks like [Brother Sport](https://www.youtube.com/watch?v=PEzPId5AGpM) and [Honeycomb](https://www.youtube.com/watch?v=tCK03Po10iE) are exhilarating and happy. Maybe my all time favorite Animal Collective song is [Alvin Row](https://www.youtube.com/watch?v=bvnGlY41cmE), off of *Spirit They've Gone, Spirit They've Vanished*, the way the song develops then completely changes (around 5:40 I think) is just fantastic. The range of emotions this band causes me to go through is awesome.

Avey Tare and Panda Bear are great on their own as well, though I think I prefer Panda Bear's solo work, Person Pitch is truly a work of art, I particularly love the song [I'm Not](https://www.youtube.com/watch?v=0bc3SsiE_I4), [Bros](https://www.youtube.com/watch?v=FTnBc_-QCXk) is very good too. But Avey's album *Down There* doesn't disappoint, a highlight for me off that album would be [Heads Hammock](https://www.youtube.com/watch?v=Izf0BvlPkNo).

All in all, I just love them, and I wanted to write a bit about all this because I never really get an opportunity to discuss them anywhere.",reaction,
"Most important albums of the last 50 years? In your opinion, what are the albums most important to music's development in the last 50 or so years? A few of mine:
Joy Division-- Unknown Pleasures (flipped punk inside out, replacing extroversion with introversion and adding tension to tension and release, setting the scene for all post-punk and it's various branches)
Talking Heads-- Remain In Light (brilliant mixture of african world music, punk, and rock to create a whole new sound. Changed production by being recorded in samples and individual parts which were later layered over each other)
David Byrne/Brian Eno-- My Life In the Bush of Ghosts (first album to use sampling, in addition to setting a template for ambient electronic)
Daydream Nation by Sonic Youth/Doolittle by Pixies (combined rough grunge and noise music with more accessible pop tunes, paving the way for alt rock of the 90s and today)
Pavement-- Slanted &amp; Enchanted (one of the key albums to usher in the lo-fi movement along with helping establish a desire for groups to remain on indie labels)
Panda Bear--Person Pitch (started the huge movement of laptop made music we see today) Kode9 and The Space Ape - Memories of the future

That album really changed a lot in the UK bass scene, '06 was the year of the first full length dubstep albums and this definitely influenced the direction of the scenes expansion. People always mention Skream! but to me at least this and Boxcutter's Oneiric were some of the biggest albums of that year.",analysis,
"Forty years from now, who will be the equivalent to Zeppelin, Beatles, ect. from the modern music world? My choices:

Pearl Jam: They evolve with every record.  All of their fans may not like it, but they turn new fans on to them with every release.  They have tons of songs that have stood the test of 10 years or more. (Black, Jeremy, Yellow Ledbetter)

Queens of the Stone Age:  This is just a wild guess.  Someone care to write out a more provoking statement?

Also, Jack White will be considered the greatest musician of the modern era, IMHO. U2 possibly, but in all honesty I can't see anyone really ever reaching that level of fame and acclaim as Zeppelin and the Beatles. The reason why I believe this is because music is more accessible then ever before, with hundreds if not thousands of niches. Back when these bands were popular, the access to music was much more limited to what was played on the radio and what someone owned. Now days people can choose the era of music the like, genre or sub-genre. Now that doesn't mean that I think that there will never be a band as talented as the Beatles, it just means that a band will never reach that level of popularity again.",analysis,
"Lets Talk: Bands that are overlooked because of their fanbases Panic At the Disco became pretty popular when I was in sixth grade or so, and I never really gave them a chance based on the people that listened to them in my school. Peer pressure sort of got the best of me as it can with anyone in Jr. high school and I always saw them as an emo-trend boy band of sorts.

Starting about six months ago, I decided to give them a chance based on some of their newer music, and realized albums were actually pretty solid. When you get past the radio singles, there's a lot of depth in the lyrics of their older work, along with quite a bit of instrument variation,  which made their first two album pretty refreshing to me.

It just kind of hit me that six or seven years ago I refused to listen to them because every other girl in my school seemed mystified by I Write Sins not Tragedies and other guys thought the band was stupid, and I kind of followed suit. What are some other bands that seem to have this trend, or you overlooked? Very true.  I should clarify... I think most metal fans are cool with each other in real life, because you both understand each others personal taste a little better than someone who doesn't like metal at all.  

i meant most of the sub groups are so uptight they can't stand each others music... Most metal fans are fairly inviting to each other as people.

If the person is a close friend or i feel is open to a little ribbing, I'll dish out a few jabs at their favorite band and yes I've had it done to me.

Example:  I was drinking with some old metal friends last night and the new Ghost single came on. I was singing along and my friend was like ""This is awful... this is literally the worst shit ever. How can you listen to this shit? The lyrics are so stupid...""  

To which I replied ""Ghost only sing about ridding the earth of humanity to make more room for Satan.  Thats the most metal thing I can think of.""

We all had a laugh.  My friend legitimately hates Ghost, I like it... There's no butthurt, because we both like metal.  Thats my personal experience anyway.",opinion,
"panned! (or: records you love that critics hated.) this is a good question to ask at a slow party if you end up talking to another music head. I've seen a bottle get broken out of sheer enthusiasm during the explanation^# , so I'm hoping for something interesting from reddit.


I have a lot of these, but Scott Weiland's *12 bar blues* is a good one because it wasn't just dismissed by critics, it also didn't sell very well and has completely fallen into the margins of history at this point. especially given that you occasionally have to remind people [who Scott Weiland is.](http://www.youtube.com/watch?v=ht672-wYelc) *spin* and *rolling stone* hated it (I think David Fricke called it confused and indulgent), and stone temple pilots fans rejected it on principle for not sounding like STP. but the record remains outrageously interesting even just for being a weird hybrid of grungy glam, lounge, and extremely aggressive electronics a la layers of heavily distorted theremin. these production decisions are really what keeps the album together, constantly jumping between being so prominent as to virtually throttle the rest of the music and being barely audible. and, as if that wasn't enough, this all happens on top a revolving door of songs that sound kinda like tom waits teamed up with slade to cover *hunky dory.* there's also this guy named [Victor Indrizzo](http://www.victorindrizzo.com/) who has credits all over the record; I have a suspicion that he had a lot to do with the adventures in sound contained thereon, particularly because Scott's second solo album sounds [nothing like this.](http://www.youtube.com/watch?v=yrXyzGvpuxA)

select cuts:

* [jimmy was a stimulator](http://www.youtube.com/watch?v=fiWpW1HacfU)

* [cool kiss](http://www.youtube.com/watch?v=sxGG81vrT2A)

* [desperation no 5](http://www.youtube.com/watch?v=REumfh2DFMA)


^# to pre-empt the first comment, the record was *monster* by REM. Do you find you really like both discs/sides of Tomorrow, in a Year or mostly the second half?

I really really love the 2nd half of that album, it's stunning and beautiful and epic at times while I just can't seem to afford the time to listen to the first half.

I completely agree though that the album got panned unfairly, it's a brilliant album that perhaps should have been done under a different moniker.

I can't seem to remember the reception strongly for NIN's Ghosts but it seems that any criticism of that album would amount to the same deal; people coming in with the wrong expectations due to the artist's previous work.",analysis,
"Let's talk about modern musical geniuses.    I am currently finishing up an undergraduate degree in music, and in one of my classes we discussed musical geniuses. We talked about Beethoven and Bach and their indisputable genius, but this caused me to think who would be considered a modern musical genius? And on top of that what criteria defines a musical genius in this modern age? My first thought was John Coltrane. Coltrane's playing and compositions are, in my opinion some of the finest work in, relatively, recent music. His playing and compositions reach a higher emotional and intelectual level than most music that I hear today.
   John Coltrane, especially with his late quartet, stretched the use of harmony and, in my opinion, created a new emotional height in improvisation. A Love Supreme was not only a religious masterwork, but it expanded the vocabulary of what Jazz was in that time.  On top of that, Coltrane was one of the most virtuosic saxophone players ever. 
   I was wondering what your opinions were. I, being a composer, would love to discover some new music that I have yet to hear, or to experience music I have heard from a different vantage point.

**Edit:**Added support to John Coltrane as per request. Rowland S. Howard. Australian guitarist and songwriter.
  
The fantastic biographical documentary [Autoluminescent](http://www.youtube.com/watch?v=DDhsv0Hn50Q) features Nick Cave, Thurston Moore, Henry Rollins, Kevin Shields, Bobby Gillespie and Nick Zinner all stepping up to describe why he is such an important figure. He wrote a [perfect pop song](http://www.youtube.com/watch?v=toFF3OvBR94) at the age of 16 (!) and later completely changed the game guitar-wise.",analysis,
"Let's talk Andre 3000. Just finished listening through Channel Orange and was surprised to hear him on 'Pink Matter' and how solid a verse he had after essentially not releasing any real rap since Speakerboxxx. 

Had to go listen to ATliens immediately after to remember just how good a rapper he is. I mean he's like a 5 tool baseball player, he really has it all for me. Rhyme scheme is brilliant, he can tell stories like nobody else in a way that few people do. He delivers punch lines well within his verses and has the smoothest, coolest flow.

Do you think he will release a rap album any time soon and would you listen to it?  I loved [the song he and Big Boi did a few years back called Royal Flush](http://www.youtube.com/watch?v=4FUPPurcasM), but they couldn't include it on Sir Luscious Left Foot because of complications when Big Boi left Jive Records.

I'm hoping he keeps rapping, as opposed to the more singer-y stuff he's been doing since Idlewild.",opinion,
"Aberrant Albums: Good albums not indicative of the rest of an artist's output Every once in a while a band will release a gem that just stands out in a way you feel the rest of their catalog doesn't. It might be a sudden change in quality, or a new stylistic direction that is taken up and dropped almost immediately. This album might not even be the best the band releases, but still shines.
Specifically I'm thinking about ""Meat Puppets II"" by the Meat Puppets and ""The Idiot"" by Iggy Pop.

**Meat Puppets II** is an impressive blend of psychedelia, country rock, and hardcore. It's a huge maturation from their debut and contains a solid rock center that none of their later material (that I've heard) seems to maintain.

[Meat Puppets II - Full album](http://www.youtube.com/watch?v=IenJY0QWIJE)

[Up On the Sun - Full album](http://www.youtube.com/watch?v=i6pzaRulgg0) for comparison

Many owe the gravity of **The Idiot** to David Bowie because of his role as producer and the direction his career took with Low. There's an introspective and sparse element to the album that feels far removed from the raw power Iggy conjured with The Stooges and his later career.

[Nightclubbing](http://www.youtube.com/watch?v=CQH7L0b7sMQ)

[Lust for Life](http://www.youtube.com/watch?v=HuBU3pzy7is) for comparison

Anyway, I'd be interested in other examples of this pretty subjective phenomenon. 

Edit: For clarification, I'm much more interested in albums in the middle or at the end of a career, an excellent debut and disappointing follow-up is far too common a story. Linkin Park's Hybrid Theory was a pretty terrific and advanced album for 13 years ago. I think the events after that are pretty clear, but a lot of people forget they had an album that was start to finish quality.

Edit: I'd understand the downvotes if there was an actual discussion on why Hybrid Theory was neither aberrant nor good. The point of this subreddit is discussion and all that came of this is ""HURR DURR LINKIN PARK SUX"". That much is obvious but there is a significant separation of quality from HT to every other Linkin Park album.",analysis,
"[WHYBLT?] What Have You Been Listening To? (Week 1/31) Let’s Talk Music is starting a fun and exciting new thread inspired by /r/truefilm. Each monthI will be posting a WHYBLT? (fantastic acronym if I do say so myself) where we can talk about what music we’ve been listening to. The format, as of right now, is as follows.

___________________________________________________________

**Band Name**: *You must write a description of the band and what you find enjoyable/interesting/terrible/whatever about them. Try to really show what they’re about, what their sound is like, what artists they are influenced by/have influenced or some other means of describing their music.*

[Artist Name – Song Name](http://www.reddit.com/user/executex/) If you’d like to give a short description of the song then feel free


[Artist Name – Song Name](http://www.reddit.com/user/executex/) If you’d like to give a short description of the song then feel free


___________________________________________________________

This thread is meant to encourage sharing of music and promote discussion about artists. 

Any post that just puts up a youtube link or says “Hey I’ve been rockin out to Iron and Wine, they’re indie I guess, you should check them out” will be deleted. Make an effort to really talk about what you’ve been listening to. 
 **The Modern Lovers**

You think you've heard the Modern Lovers? You haven't heard shit unless you've checked out ""The Original Modern Lovers"" (Sometimes labeled ""Mustang '81"") not to be confused with their self titled release, this was material recorded in '72 and '73 by Kim Fowley. It's basically a love letter to White Light White Heat with Jonathan Richman's voice getting as close to a punk snarl as it ever does. After listening to this I can't help but think that their self titled '76 release is just to clean and polished. The versions of ""I'm Straight"" and ""Astral Plane"" blow all others out of the water.

[Modern Lovers - Walk Up the Street](http://www.youtube.com/watch?v=rIKeLfYhzWg)

[Modern Lovers - I Wanna Sleep in Your Arms](http://www.youtube.com/watch?v=MbYtJDMT_GY)

**The Diet**

Formally Manchild, The Diet is a good example of some of the interesting post-punk/art rock stuff happening in Canada right now. Only track I'm really into is ""Cult Babies"" which features some kind of slanted guitar work and disparate sections that work surprisingly well together. They don't quite fill the void left in me after the dissolution of Women, but they come close on this track.

[The Diet - Cult Babies](http://www.youtube.com/watch?v=ftmd4Mhn9aY)

**Grass Widow**

About the closest you'll get to The Raincoats in this decade, and not just because it's an all women group. Treble-y basslines with angular, punctuated guitar lines and weaving vocals. This can lead to some super unfocused and similar sounding tracks, but their latest album is actually pretty good.

[Grass Widow - Goldilocks Zone](http://www.youtube.com/watch?v=sFJazD46uvA)",opinion,
"Mission of Burma: avant garde nonsense or a band before their time? What are your thoughts on [Mission of Burma](http://en.wikipedia.org/wiki/Mission_of_burma)? Were they gods in the indie scene in the 80s? Should they have returned in the 2000s to make more music? 

I think their first EP (*Signals, Calls, and Marches*), their first LP (*Vs*), and their first single (""Peking Spring"") are brilliant for the most part, but I have a bone to pick with them. 

1. Even though Clint Conley wrote some amazingly catchy songs, the rest of the band struggled, and at times I think Roger Miller's contributions are masturbatory. 

2. I can't find any of their material without additional tracks added. 

3. They should not have come back--what they did in the 80s was beyond impressive, but trying to recapture that is a little daft. Their new music is awful, and what are they accomplishing? 

Chime in, let me know your thoughts. Let's talk Burma! Yeah you can. I don't consider them either, but rather one of the roots of true alternative rock (and even as a joke, a precursor to bands with DJs). 

Clint Conley wrote a hell of a song. Roger Miller laid one hell of a soundscape.",opinion,
"Let's talk: Nirvana's rise to fame. To me, it is absolutely incredible that a band like Nirvana could ever break into the mainstream and gain the overnight success that they did. If you were to have shown me Bleach in 1989 and told me that this band was going to be the next big thing and that they would revolutionize pop music in the 90's, I would have laughed me ass off at you. There is no doubt that Smells Like Teen Spirit was the song that made this leap all possible, but the amount of acclaim that they received was off the charts (I think DGC expected Nevermind to only sell about 50,00 copies or so). So what exactly was it that made Nirvana? It just seems so incredible that they could have such a profound impact on the music industry, but if they would have released ""Territorial Pissings"", ""Endless, Nameless"", or ""Stay Away"" as their singles, they would have just been another Seattle band that faded into nothingness. Maybe someone that was able to experience the grunge movement for themselves could give me some perspective (I was born in 1994). Or maybe someone that was a Nirvana fan pre-Nevermind could give some insight as to what is was like to have everyone suddenly listening to your favorite underground band. I need to add that what Nirvana ""opened the door"" for is in my opinion, an avalanche of shitty music. If Cobain lived to see Nickleback or Creed, he may have blown his head off then. The rise of Pearl Jam was also a negative side effect of the so-called grunge thing, and what drove myself and my friends deeper into underground music like grindcore.  This is all my opinion, none of this matters anymore, just another shade of colour to a time and place.",analysis,
"I love reading about bands' backstories/origins. What are some really good ones I might be missing? I still haven't found one better than Guided by Voices. I'll just recap from what I've read from interviews and wikipedia:

When GBV released *Propeller* in 1992, Robert Pollard was a 34-year-old elementary school teacher. It was supposed to be his ""farewell"" album before giving up on the dream forever. Luckily, people started paying attention and instead of staying in his hometown teaching 4th grade, Pollard became one of the greatest songwriters of our time (in my opinion).

This makes the beginning of [Over The Neptune/Mesh Gear Fox](http://www.youtube.com/watch?v=eSd-80X-GEo) especially awesome. That's not an actual crowd chanting ""GBV!"", the band did that in the studio. They had never played in front of a big crowd, so this was more of a ""what would it be like"" fantasy scenario. If *Propeller* hadn't gotten big, it would have been touching, but ultimately heartbreaking.

I saw them at Sasquatch last year, and they opened with that song. When the crowd started chanting before they played, that was a great moment. [Here's a video, minus the chanting unfortunately](http://www.youtube.com/watch?v=w4pBc1pIwq0) (fun fact: I'm the one with the greenish shirt on the bottom-right)

It was a great show and their energy is still amazing. (He's 54! that still blows my mind) I can't believe they came so close to giving up, that would have been tragic. It's not much of a story, but think it's funny that Black Francis put an ad in the paper to form a band and the only person who responded was Kim Deal.",opinion,
"Disappointments and Surprises this year. essentially: albums you liked more than you thought you would and albums you liked less than you thought you would. 

this year has been fairly disappointing so far; though I think that has more to do with the glut of great albums that came out towards the end of last year spoiling me. But first the positive:

**Surprises**:

* **[Lilacs &amp; Champagne - Danish &amp; Blue](https://www.youtube.com/watch?v=QeJj7FCRYCg)** 

I mostly just wanted a new Grails album, but this album seems much more organic than their previous album. It also doesn't seem too far off from the previous Black Tar Prophecy EP, so even if it's not a full-fledge Grails album, it's more than just a placeholder.

* [**Boris - Praparat**](https://www.youtube.com/watch?v=h5qDtmCnR80)

after a string of disappointing releases the last few years, I wasn't expecting much from this, but this seems to have taken the (previously segregated) variety of Boris' last few releases and mixed them into a more coherent form. Overall, it kind of feels like Boris' take on post-rock.

* [**No Joy - Wait to Pleasure**](https://www.youtube.com/watch?v=nBSeEF6UJqc)

there seems to be a lot more Shoegaze records being released, but it seems like a bulk of them are rather faceless rehashing of the same dozen bands or so from the late 80s/early 90s. No Joy isn't exactly original (though I can't think of any Shoegaze bands doing [odd Hip Hop-esque tracks](https://www.youtube.com/watch?v=Kk585bNnYyk) ), but they seem to have a bit more personality than others and with a more spacious mix.

* [**Primal Scream - More Light**](https://www.youtube.com/watch?v=LfPu5FQgFIU)

I don't think it's quite the comeback some of the reviews make it out to be as it could be whittled down a bit (Invisible City (which sounds like the James Brown track from Rocky IV) and Goodbye Johnny could be easily dropped), but it's easily their best album in years. 

this isn't all of my favorite releases, just ones that have exceeded expectations.


**Disappointments**:

* [**Flaming Lips - The Terror**](https://www.youtube.com/watch?v=d6J8O8Ououk)

I've posted about this before, but essentially: the Flaming Lips finally make a boring album. Remove all the surrounding drama on the album (wayne's divorce and Steve's relapse) and it's nothing but a bleak album that doesn't really offer anything memorable apart from the opening track. It's especially disappointing in light of, in my opinion, a lot of fucking around (extreme song lengths, pointless cover albums, etc.)

* [**Black Angels - Indigo Meadow**](https://www.youtube.com/watch?v=812r_yzUJ_s)

it's a fairly logical follow-up to Phosphene Dream... it's just not really that interesting and kind of toothless. They've mostly traded their darker psychedelia for fairly tame standard psychedelia.  It's not unenjoyable to listen to, but mostly forgettable once the record stops.

* [**The Knife - Shaking the Habitual**](https://www.youtube.com/watch?v=cEiwhP7j6JM)

I heard a lot of good things about this album, but I'm honestly not convinced anyone genuinely likes it as it seems to be one whose reputation rests solely on ones ability to sit through the fucking thing. Now it's not a bad album mind you; every track generally starts off good/interesting, but with the exception of the above linked Raging Lung, every track way overstays its welcome. Overall, it just sounds like an album full of underdeveloped tracks all just kind of thrown together because they didn't really know what to do with them. Easily the most pretentious release of the year.

there's other disappointments (Wolf People's Fain, Low's Invisible Way, etc.), but they're not bad albums so much as they are just a rather noticeable step down from previous albums.
 The Terror is actually my biggest suprise of the year, in a good way. That album was a huge departure for the FLips and they went way out of their comfort zone (per usual) and ended up making an amazing album. I noticed that album is getting a lot of hate from indie rock fans, and i get it because i remember their last release had very conflicted reception, but The Terror has impeccable ambiance. Its one of their best albums (Seriously). Definitely not what I was anticipating and unlike anything they've made before, but they executed that album to perfection.",opinion,
"Lets talk: The Dear Hunter I don't know how to define this band, if we're talking genres. They have a very unique, melodic sound. Casey Crescenzo came from The Receiving End of Sirens, which was a post hardcore band. He then broke off and started the Dear Hunter. He pens most of the songs, both musically and lyrically. His melody and harmonies blow my mind, almost Beatlesque, with a unique take on them. He also is very progressive, having a few amount of conceptual albums. My favorite being Act 2: The meaning of, and all things regarding Ms. Leading. Each song has a fair amount production on it, by himself I believe. They are loaded with depth, the first two concept albums dabbled into a theme which is almost like call girls in the 1910s or so, very interesting, I can't quite put my finger on it though, but when you listen you will understand (hopefully!) His lyrics are top notch in my opinion. He has a nice way with words, you can see the influence of Shakespear. I can't be bothered with good formatting right now, as I am quite in the clouds, but I will do my best to chronologically list my top 2 songs of album. 

**ACT 1** 
[the Inquiry of Ms. terri](http://www.youtube.com/watch?v=k1eyqshJlRs)

[City Escape](http://www.youtube.com/watch?v=k1eyqshJlRs)

**ACT 2** - note: this album is a goldmind, the choices are quite tough. He sticks with the same theme, but you can hear the evolution of his song writing becoming more sharp and clean. 

[The Procession](http://www.youtube.com/watch?v=c1Boh5vbZyA)

[Blood of the Rose](http://www.youtube.com/watch?v=wSQUqLBLpEE)

[Oracles on the Delphi Express](http://www.youtube.com/watch?v=yABRtv_Qtbg)

[Red Hands](http://www.youtube.com/watch?v=MRsQ5_FvZCM) (probably the most popular song of theirs) 

that is just the tip of the iceberg for that album, you can hear the experimenting in those few songs. But the whole album varies in styles, again beatlesque. He tries to touch base in every genre. 

**ACT 3** I must be honest, I was a bit disappointed by this album. But I haven't listened to it in its entirety since it first came out, so this may be an unfair assessment. 

[Mustard Gas - acoustic version](http://www.youtube.com/watch?v=DZ_dA6xh7Xo) 

[What It Means to be Alone](http://www.youtube.com/watch?v=OoAtvzImzGY)

again, I am biased towards this one and I deserve to give it my full attention... soon. 

**The Color Spectrum** Sort of self explanatory for the concept, put songs to colors. Some very great songs in here, you can, again, hear them developing into even better musicians. 

[Crow and Cackle](http://www.youtube.com/watch?v=fzJfLRNK0b0)

[Curse of Cynicism](http://www.youtube.com/watch?v=geV6OkIURoE)

[Shes Always Singing](http://www.youtube.com/watch?v=zMjgPTM3KlM)

This album is loaded. So many awesome songs. Yet again, tip of the iceberg here, but you get an idea of it. 

**Migrant** to be released april 2nd!


Thanks for reading if you did, hopefully this will turn you onto these guys, they could use the support. I think they are so unknown because the group the marketed towards when the first were a band, just wouldn't follow them on their path from post-hardcore to progressive. Oh well, hope you enjoy!
 
Psst, sorry about the wacky formatting!
 I love this band to death and saw them last night but have yet to meet a single person who has even heard of them. I need a friend to freak out about how awesome this band is with me!! Still on a high from the show",opinion,
"Falling out of Love with the Flaming Lips [AV Club article](http://www.avclub.com/articles/falling-out-of-love-with-the-flaming-lips,81348/)


what say you? I agree to some extent: I think a lot of Flaming Lips' post-Embryonic work has largely been of the ""just fucking around"" type that holds no interest to me. The Dark Side of the Moon remake was just kind of pointless, I didn't bother with the 6 or 24-hour long songs, and some of Heady Fwends just kind of feels like it exists solely as an Idea (i.e. ""Flaming Lips team-up with Crappy musicians like Ke$ha. That's the joke."") rather than an actual collaborative effort.

That said, I disagree with the author's view on a couple things:

* I think Embryonic is a transitional album, but an otherwise consistently interesting one that surprisingly works fairly well for its length. 

* Outside of the Ke$ha collaboration, I think Heady Fwends works a lot better than I would've thought; with the Erykha Badu tracks being one of the highlights (to the point where the 2 tracks after her track are pretty unremarkable. Though the digital version has a different track at the end.) I'm also pretty sure that most of the songs were written before any of the guests added their contributions.

* I can understand being let down by the spectacle of the Flaming Lips live shows, especially since they've been doing a fairly identical schtick for going on a decade now, but I enjoyed them when I saw them back in 2009. I think the only thing I disliked was that it contained some of the most obnoxious concert-goers.

So though I'm ambivalent about some of their fucking around, I'm still looking forward to whatever new album comes out. I hated it. Even without Ke$ha's involvement, I just found it be an annoying remake of The Stooges' ""1969"". Ke$ha's involvement merely underscored the annoyingness.",analysis,
"In defense of Van Halen As you probably know - Eddie Van Halen and his brother Alex have ""reunited"" (again) with David Lee Roth and are actually releasing an entire album of new music next month to be followed very shortly afterwards by a tour.  I'm a lifetime fanatic who's never quite given up on the band - even during the decades I wasn't particularly a fan of the music. Because even when Van Halen was at their Cherone-est, they were doing what they do best - making a glorious, gigantic mess of everything in their path for no good goddamn reason. Unintentionally, of course, which makes it all the more endearing.



Many people are upset by the fact that Michael Anthony, unduly maligned bassist and trademark back up vocalist, has been replaced (uncerimoniously) by Ed's son Wolfgang. A lot of die hard CVH (the c is for ""classic”) fans want nothing to do with this abomination of the Van Halen name. 


They're missing the point. This sort of missed opportunity/colossal fuck up is exactly what makes Van Halen the band they are. This is a band that has existed for 35 years and climbed the absolute highest heights of rock and roll fame without appearing to have a fucking clue what they were doing.  They are dysfunction personified. Sammy Hagar speaks of his years with the band in retrospect as if he survived some unspeakable natural disaster that unfolded in slow motion over the course of a decade. And this is a guy who appears to like anyone who'll drink with him. 
 
Everything this band has done has been baffling and frustrating and yet it wouldn't be the same if all they did was put out consistent records and go out on tour like clockwork. The unavoidable mess their  collective careers has been - a collision of ego, addiction, insecurity and empowerment - is part of the band's lasting appeal to me. They never seemed like an act. There was no one pulling the strings. Just a bunch of guys who started out as a little cover band from Pasadena and got real big real fast and never quite got the hang of how to deal with any of it or what they were supposed to do. 


To summarize, I use a single song off their still indispensible first album as example of what their entire head slapping career means to me... The track is called I'M THE ONE. It opens with a blistering riff that literally sounds like Eddie's pick bouncing off the strings because it doesn't have time to actually pluck them. Al's drums kick in like a kid jamming in his bedroom without any concern for what anyone else is doing. In a good way. Mike Anthony delivers a pounding bass line that propels the song as much as any element. The descending vocal/chords of the bridge ""You know your message from above..."" sound like they may come off the proverbial tracks at any moment. The solos have no backing guitar track, naked in all their fucking rock glory - and then the song stops....





And there's a fucking a capella barbershop quartet style do-wop section. 



Right there in the middle of the song. 



There is no precursor to this on the rest of the album. The only moment of ""humor"" on the whole thing is the cover of Ice Cream Man a few tracks later. Who the fuck would think it was a good idea to stop the amazing momentum of that badass song for a bap-bada-shooby-do-waa four part harmony? Didn't they have any idea how WRONG it was to do that? Or how horribly awry things could have gone? 

Nope.  


That song is my first memory of Van Halen and I'm The One is my #2 of all time song by them.  So yes, as I've said before they're like the drunken uncle who shames himself every time he goes out in public. But for all the idiocy and embarrassment and aggravation, there's always the chance that he's going to do something cool again because he doesn't know any better. 


I intend to be there, just in case. 


So you can have your bands with their tidy, well organized and impeccably managed careers and images. I'll take the guys who are making it up (and fucking it up) as they go along.  &gt;Doesn't mean that's ALL they want (although I'm sure some do) but just because I will enjoy a show made up of 30 year old songs doesn't mean I don't also actively seek out new music.

No, but it does mean that the money you spent on the ticket, the time you spent and the seat you sat in will not be used for new music. It will instead be devoted to people who have come on stage because they need money and have nothing but their pasts to sell.",analysis,
"Bands which are considered ""One Hit Wonders"" but IYO had more than just one great song. I'll start with Crowded House. This Australian/NZ combo is best known for their big international hit [Don't Dream It's Over](http://www.youtube.com/watch?v=J9gKyRmic20), but they've released 6 albums with amazing variation in their material. From [Fall At Your Feet](http://www.youtube.com/watch?v=82JZh3VyE2M) and [Locked Out](http://www.youtube.com/watch?v=Y9oP8jfhOes) from before their breakup to their post-reunion material like [Saturday Sun](http://www.youtube.com/watch?v=S49d0JaRu1k) they're just such an amazing pop band. I would also be remiss if I didn't mention  Neil Finn did an amazingly moving version of the Crowded House classic [Better Be Home Soon](http://www.youtube.com/watch?v=ps-NiTtb6x4) at the 2005 Arias (the Australian equivalent of the grammys) to honor the original drummer of the band, Paul Hester who died in 2005. Never charted.",opinion,
"Bands which are considered ""One Hit Wonders"" but IYO had more than just one great song. I'll start with Crowded House. This Australian/NZ combo is best known for their big international hit [Don't Dream It's Over](http://www.youtube.com/watch?v=J9gKyRmic20), but they've released 6 albums with amazing variation in their material. From [Fall At Your Feet](http://www.youtube.com/watch?v=82JZh3VyE2M) and [Locked Out](http://www.youtube.com/watch?v=Y9oP8jfhOes) from before their breakup to their post-reunion material like [Saturday Sun](http://www.youtube.com/watch?v=S49d0JaRu1k) they're just such an amazing pop band. I would also be remiss if I didn't mention  Neil Finn did an amazingly moving version of the Crowded House classic [Better Be Home Soon](http://www.youtube.com/watch?v=ps-NiTtb6x4) at the 2005 Arias (the Australian equivalent of the grammys) to honor the original drummer of the band, Paul Hester who died in 2005. Faith No More technically had one ""hit"" but their album *Angel Dust* is a masterpiece.",opinion,
"Late night talk show performances: The death of live music.  (Any exceptions?) It really seems like talk show musical performances are a dead zone for quality.  Whether it's the terribly mixed sound, creative word substitution for censors, or the apathetic audiences, the shows are really lackluster, and leave a lot to be desired.  However, there are a few bright spots.

Here are some notable exceptions:

[Death From Above 1979 - Romantics Rights on Conan O'Brien](http://www.shinyidol.com/2007/01/death-from-above-1979-on-conan/).  You can tell how amped up the guys are, and the quality of the audio barely matters since their whole sound pallet is a beat up drumset and a bass guitar fed through 1,000 distortion pedals.  The great part is towards the end when Sebastian leaves the drumset, making Max Weinburg (The Late Show's drummer) rush the stage to take over. Unfortunately with his suit jacket still on, he has to take it off while still playing the song.

[Ben Kweller - Penny on the Train Track on David Letterman](http://www.youtube.com/watch?v=FVsBmyp5tUo) There's actually nothing crazy about this song.  No stage dives, not flipped table or broke bones.  It's just so energetic.  I've never seen Ben Kweller live, and with his recent turn to country western, I doubt his shows have this specific kind of energy anymore, so it's nice to  see a snapshot in time like this.  Anyway, this is about the perfect pop song. It's worth it to listen to the original first, just so you can see what parts he changes, specifically, the chorus.  It's just a great show.

[The White Stripes - Let's Build a Home/Goin' Back to Memphis/John the Revelator on Conan O'Brien](http://www.dailymotion.com/video/xplo6_the-white-stripes_music) The White Stripes ~~are~~ :( were pretty renowned for their energetic live shows, so it's not surprising that their talk show appearance is a bit different than normal.  The sound mixing is pretty great in this performance, something that Conan's show seemed to be able to pull off a lot better than most. It seems like a normal White Stripes performance i.e. Jack thrashing around on stage and singing directly to Meg on the drumset mic, until Jack completely leaves the stage, runs over to Conan's desk, throws his guitar on it, and starts playing a slide solo. Whether it was planned or not, it's super cool, and something I've never seen another artist do before.  After solo, on the way back to the stage, his guitar cuts out, so he throws it on the ground . Meg stops for just a second and starts playing again, but this time the song's switched to John the Revelator.  Make sure to check out Meg's facial expression as she mouths along with the words, it's pretty scary.

So, opinions on talk show performances? Other examples of great shows? A talk show performance basically is what launched OFWGKTA into the mainstream. It's a shame that it has been nothing but downhill since then. They really had potential.",analysis,
"Genres you don't listen to anymore and/or outgrew. basically what the title says; genres you don't listen to anymore, for whatever reason.

I used to listen to a lot of Industrial when I was a teenager. I kind of dropped out of the genre when it seemed like no good new bands started coming out of the genre around 1996 or so and the genre became rave music for goths. Though i still have a soft spot for Skinny Puppy, Ministry, KMFDM and Nine Inch Nails (though only NIN is still making interesting music), I find it odd to see my friends my age (or older) who still listen to the genre as I associate it with teen angst and the doomy cyber-war lyrics of the genre (particularly in the 90s) are just as goofy as 70s prog-rock swords-and-wizard lyrics.


Oddly enough, I now have more of an appreciation for early Industrial acts like Throbbing Gristle and Cabaret Voltaire than I did when I was younger. Strangely that would be my response to this question! I loved punk when i Was a teenager. It really spoke to my hyperactive angst, and now it all sounds the same. Most of the new bands just sound like rehashes of the old. The last time i went to a show it just seemed middle aged guys trying to play hard for young people to beat the shit out of each other. It was a dwarves show, and what blew my mind is when Blag forgot the lyrics to one of the songs. I was like jesus man, these songs are all simplistic. I still dig the aesthetic of punk. The depressed leftism of such bands like MDC and Crass still speak to me, but the music is something I don't really listen to much these days. I still love my MDC hoody though",opinion,
"Pink Floyd - The Wall I just listened through the album for the first time. 

I am feeling horribly empty. The reverb, the echoes, the static of the TV, the distant hazy voices, the sheer desperation... this is a devastating album, but epic in a microcosmic sense. Universal, yet subjective. Everyone has their own mothers and walls. 

Disc 1 chronicles the bricks, the slow descent of sanity and ascent of the wall. I was listening to [""Mother""](http://www.youtube.com/watch?v=gmmKzEKYvdM) when I realized Pink just wants someone to hold his hand. He's retreating and keeps trying to return to her. 

Disc 2 starts off with a deeply ominous tone. Aeroplanes, the lack of control, the death of innocence. And in [""Empty Spaces""](http://www.youtube.com/watch?v=ARXKvVeVtXg) Pink is trying to fill those empty spaces with emptiness. And then he's so bitter and angry and loud, which escalates further and further until it all blends together into incoherent droning broken by... that single, final slam. Pink angrily destroys his house in [""One of My Turns""](http://www.youtube.com/watch?v=IqEytMfQCLI) but that final ""Why are you running away?"" sounds full of despair and desolation. His cutoff ""goodby-"" as the wall is completed in [""Goodbye Cruel World""](http://www.youtube.com/watch?v=FD-R7KsE3-Y) was particularly striking. 

The next disc is full of all this fuzzy noise: the sound of an empty room. ""Divided we fall, fall, fall, fall"" and falling. Then again with the layering on ""Is there anybody OUT THERE!""

And finally, we get to the end. He becomes a dictator. The Judge in his mind commands to tear down this wall. And the album ends on a lukewarm note. Loneliness is still there. And the ending! ""Isn't this where we come in?"" This reminds me of a [Hopper](http://foxpudding.files.wordpress.com/2010/10/hopper2auto.jpg) [painting](http://www.artchive.com/artchive/h/hopper/nighthwk.jpg) or of Caldwell's [*Tobacco Road.*](http://en.wikipedia.org/wiki/Tobacco_Road_(novel\)) It continues this never ending cycle, or maze rather, of isolation. 

My friend and I were trying to match this up with Campbell's [monomyth](http://en.wikipedia.org/wiki/Monomyth) if anyone here's familiar with that. My friend thinks that the album as a whole focuses on the Initiation (into a person), which I definitely agree with. Women and the Mother also match up. I think some version of a ""Confrontation with the Father"" occurs during ""The Trial"" and that Pink is narrating from outside the wall, where he has experienced both worlds to some extent. I'm not sure he ever achieves the final step of accepting mortality and living though. 

Anyways, I've talked for long enough. I'm interested in hearing your thoughts on this album! I'm writing this right off of my first listen-through, so please add anything I've missed. 

-------------

**EDIT:** Added links and pretty pics. This is a great discussion so far!  &gt;I'd hold the sort of ""trinity"" of Dark Side of the Moon, Animals and especially Wish You Were Here

I've always thought Animals was a fairly weak album. I like Sheep and Pigs (Three Different Ones), but Dogs has always felt way overly long. Aside from Sheep, it kind of feels like the album consists of really long tracks as a way to compensate for a lack of material, in my opinion. It's a good album, but one whose positive reputation has always felt undeserved.",analysis,
"Let's Talk: Bands that get popular As we have seen with the recent news that Macklamore &amp; Ryan Lewis have become the first unsigned artist to debut at number 1 on the Billboard Hot 100 in over 20 years, I have began to wonder if people will start to move away from them, much like the movement away from Mumford and Sons, and if they do, why is it?

Personally I think if the core fans move away from a band/artist once they gain mass popularity it has less to do the ""hipster"" mentality, or anything of that manner, but that the popularity over saturates the music. I turned on XM the other day, and was surprised to see Macklamore's name pop up on one of the pop stations, and then I flipped the next station and sure enough Thrift Shop had just started playing on that station. I feel this the biggest push back for the core fans, as the songs they had loved, and listen to a lot, is now being forced, and they know that they will now hear this song all the time, whereas before they only heard it when they wanted to. It wasn't on the radio, or in ads, it was in a playlist or on a youtube video, so what was something they could pull up and relisten to, is nothing something they will hear every time they turn on XM or FM, or on a commercial, or on a TV talk show. And they also feel that the general public won't really get past the popular songs, and to the ""better"" part of the album, and so to keep those fans around the artist might release another album with more easy to eat style so as to appease to new fans.

I don't know if this is really true or not, or if people really go think like this. I personally don't. I judge artist by an album to album release, and not by what their standings on Billboard is. So if they release a crappy record to appease to fans, then I won't like it, not because it is popular, but because it is not good, to my standards anyways.

So what do you all think, do you think there is a real backlash from core fans when a group/artist becomes popular, and if so, why? Or do you think it more that the artist just can't produce to the standard core fans believe in, and the backlash comes from it? Or do you believe that there won't ever really be a huge backlash, and just like, say, Weezer and Radiohead, fans will stick through with them, no matter the fame? &gt;I agree with you on Drake. He is not a great rapper, by any stretch of the imagination, and he sometimes dives right into terrible. His success ties into two things: He has an unconventional flow, which people want to believe is somehow a mastery of rapping; and two Lil' Wayne. I have a disdain for Wayne, not because he's popular, or because Reddit hates him, but because he was good, really fucking good, and he put a mixtape before Carter III that was one of the best ""albums"" I have heard in a long time, and I waited for Carter III, counted down the days, bought the CD the very first day of release, and was meet with Mrs. Officer, Lollipop, and garbage rapping that sounds he threw it together over a week. I have never trusted him again. Sorry I had to rant a little on Wayne.

What exactly makes Drakes flow unconventional? Care to elaborate? I, personally, don't find it unique/unconventional, but that may be due to my exposure to much more rap than your average listener, or maybe I'm just missing something?

I also think you're overplaying Lil Wayne's involvement in Drake blowing up. Drake was successful even before Weezy came into the picture and I think a large part of it (which I should have mentioned in my previous post) is the Degrassi connection. He had teen girls love him cause he was already famous from television. Once you get teen girls to love you, you're guaranteed to be a star (ask Cartman).

Also wanted to touch on Lil Wayne. Can I ask you how old you are? Cause from the era I came from, Lil Wayne was the punchline to every terrible joke about terrible rap music. He was AWFUL. They even had to lie about his age just to cover up for his complete lack of skills. Having said that, I also think he improved drastically and at a point I would say he was really good. But to me, that was more a result of his ghostwriting team than anything else. Look at all the people who wrote for him (Gillie Da Kid is the first / only one that comes to mind) and you can see who was writing for him at the height of his 'skilled' era. Now they're all gone and guess what? His output is garbage again... coincidence? I don't think so..

&gt;On Kendrick Lamar, I agree that he is overhyped, but he does bring back some old west coast style, that I enjoyed. He always had some pretty good songs on GKMC, but when I first listened to it, I didn't get the ""chills"" of a great record. I basically sit there and nodded my head at bits, and came away with meh. He's the best in the radio play crowd (baring Kayne at times), but that's a low bar to swing for.

You're probably right, but as a fan of music and supporting artists, I want to give it the benefit of the doubt. I think a problem with a lot of listeners is music has become so disposable that they don't ever take the time to properly digest an album. When Goblin came out, I checked the mp3s and thought it was awful, but I also realized that I was just skimming through songs I didn't like... so I actually went out and bought the 2LP of it so that I would be forced to digest it as a whole. Still hated it (but Yonkers is great).

&gt;On Macklamore, I would have to disagree. He isn't amazing, but he at least raps from the heart, and ""Jimmy Lovine"" is great song in my book. I know opinions differ, and I imagine it's just a matter of taste, but I do enjoy Macklamore, more so than Kendrick.

First off, minor thing but I see it every time people talk about Macklemore. The name of the song is Jimmy Iovine, not Lovine.. Jimmy is one of the big architects of the music industry, and his label, Interscope, is home to some of the biggest artists in the industry. /End of Jimmy Iovine rant.

Rapping from the heart =! rapping well. I know a lot of sincere artists that pour their hearts and souls into their records but that doesn't mean it's good. I feel the same way about Macklemore.. he is a mediocre rapper that just happens to also be a photogenic white kid who panders to a specific audience (think Thrift Shop, Same Love, etc)

Anyway, that's my rant on (mediocre) modern rap, but Joey is the future. Really hope he lives up to the potential everyone sees in him. On a same note, if you like NY flow and are not already checking him out, please do yourself a favor and listen to Roc Marciano's Reloaded (or any of his other output). He is probably the most underrated rapper out there right now and seems to finally be getting some (mainstream) critical love (he was on Spin's top 50 albums of 2012)..",opinion,
"Any fans of progressive rock? Favorite band/artist and why?

Mine would have to be King Crimson. For starter's, they basically invented prog with the release of ""In the Court of the Crimson King"", which is probably one of the best debut albums by any band ever. Their music drew from sources that were unconventional in rock music, making them groundbreaking at the time. They blended together the heaviness of rock, improvisation of jazz and even some classical, to create a sound that was wholly unique. Take for instance, the opening track of ITCOTCK: [21st Century Schizoid Man](http://www.youtube.com/watch?v=ujIbpt-CCTY). Also, they weren't a one trick pony: [this is what follows the former track; notice the beautiful contrast](http://www.youtube.com/watch?v=7kVNl-9cS9c). My favorite [song](https://www.youtube.com/watch?v=Z9IQnDRYIYU) of theirs; which is as [this](http://www.progressiveears.com/frippbook/ch06.htm) guy notes also happens to be written in sonata form, is a culmination of a lot of the things I just mentioned. They were also ever evolving. Consider [70's](https://www.youtube.com/watch?v=ukvu-CS822Y) Crimson and then [80's](https://www.youtube.com/watch?v=N8tqEas6mjY) Crimson and then [90's](http://www.youtube.com/watch?v=iLknXJ9iLEA) Crimson. They went through multiple lineups, but have always had virtuosic musicians at the helm(Fripp, Bruford, Whetton, Lake, Belew, Levin, etc...). And lastly, their body of work has consistently been good if not amazing throughout a span of 40 odd years.       I really love all the musical and lyrical nods to Pink Floyd in that Pure Reason Revolution album! For example, [""Aeropause""](https://www.youtube.com/watch?v=NFciPZJ_ycE) would fit quite nicely on Dark Side of the Moon, and ""The Bright Ambassadors of Morning"" comes from a lyric of Echoes. This is truly a must listen for any Floyd fan or general fans of prog. Very glad to see it mentioned here.",opinion,
"5 - 10 - 15 - 20: LetsTalkMusic There's a great feature on Pitchfork called [5-10-15-20](http://pitchfork.com/features/5-10-15-20/) where artists talk about what music they were listening to at certain times in their lives (at 5 year intervals throughout your life, up to your current age). It's a cool feature to learn more about your favorite musicians and get recommendations, but I think it'd be an interesting and different kind of thread for this forum - looking at the personal side, as opposed to the usual analytical nature of this subreddit.

Thought I'd start it off. I adjusted some of the ages a bit because certain years were more important to me musically than others. Edit mid-post: Fuck. Going through my life this way hit me hard. Definitely got a little nostalgic.

**5: Harry Chapin - [Mr. Tanner](http://www.youtube.com/watch?v=fo-tCNtFI10)**

My mom never listened to music much. She couldn't stand anything fast, or loud, or with electric guitar. She'll tolerate the occasional soft or acoustic songs, but that's about it. My dad though, loved music in almost a tragic way. The same two or three albums, worn raw, played on repeat for most of my childhood. We listened to the turntable back then, when I was five, when my dad was painting, or putting up Christmas lights, or doing the bricks on the side yard, or correcting papers for the history class he taught at a low income school in a neighboring town. 

He played this Harry Chapin album a lot, from the *Greatest Stories Live* record, along with Dylan's *Highway 61 Revisited* and Cash's *Live at Folsom Prison*. The rest of the time, it was the local country music station or street musicians who would sell their CDs out of their guitar cases outside of shops nearby our house. He'd get really excited about those guys, wanting to support them, pay them ten or fifteen bucks for their CD after hearing them play a few songs, and go home and put on the album immediately, but after a few spins they'd always fall out of circulation and find a caseless home in a dusty desk drawer with pens and post-it notes.

Even early on, this song really haunted me. The failed artist was something I connected with early on, the depth of the tragedy this song describes, even before I knew I wanted to do music for the rest of my life, even before I had connected with music on a deep enough level to truly fall in love with it. To me, this song was the saddest on the record - sadder by far than ""The Shortest Story,"" about a baby starving to death. This, this song, talked about an emotional death.  It haunted me in the same way Daniel Johnston's ""[The Story of an Artist](http://www.youtube.com/watch?v=FKW2H0WBqW8)"" would haunt me years later. 

**12: Rachmaninoff - [Symphony No. 27 Op. 27 Adagio](http://www.youtube.com/watch?v=QNRxHyZDU-Q)**

My best friend left for Germany when I was ten. I withdrew a lot that year, ate by myself, read a lot. I started listening to classical music, because in my world there was Top 40 and there was classical, and I didn't like Top 40. 

In seventh grade I made my first few friends I'd had for a long time, ate with someone else for a change. One of my friends listened to classical too, and loved Rachmaninoff, and I didn't understand that for the longest time, until one day I was over at his house and this adagio movement came in, with its seventh arpeggios, and I finally understood. It was the most music had ever moved me until that point, and when I went home I borrowed his CD and played this song on repeat all night. 

**15: Arcade Fire - [Wake Up](http://www.youtube.com/watch?v=kg_p0zjMQ1I)**

The biggest changes in my listening habits happened this year, my freshman year in high school. There's so much I could include that moved me along my way towards appreciating rock for the first time. I fell in love with a girl for the first time, and realized for the first time the nature of my limitation, my alienation, from other students. I had a friend who swore by every Beatles record ever released, and lent me *Rubber Soul*. My piano teacher told me to listen to Radiohead, and I went home and downloaded *OK Computer* one song at a time from YouTube.

But more than anything, I became passionately in love with Arcade Fire after hearing ""Wake Up"" in the commercial for the *Where The Wild Things Are* movie. I bought all their records on CD. I combed meticulously through YouTube, using a video to mp3 converter to download every rarity, B-side, and live cover of theirs I could find. Before the YouTube to mp3 converter though, I had a YouTube to mp4 converter, so if I wanted to listen to music I'd download the video and then watch it on my iPod nano. I came across this live version of ""Wake Up,"" shouted live through a megaphone in the middle of the crowd, and I remember lying in my bed watching this video on repeat on my iPod, seeking solace from the girl I loved and the way I sat alone on the steps before class while everyone else talked in groups. Ninth grade was the toughest year for me, and I'd make a lot of friends through it, pulling myself up by my bootstraps that year and the year after making friends, learning to fit in, falling in love with a girl who felt the same way. But I can still never think of this song without thinking of laying in my bed, or biking home the last day of the semester, knowing I wouldn't have a class with that girl the following term.

**18: Elton John - [Rocket Man](http://www.youtube.com/watch?v=DiPT-seJ9uc)**

I came late to the whole drugs thing. I smoked for the first time a few months after my eighteenth birthday, on a little hill in my small California home town. It was near sunset, and as I sat with a few good friends in a circle on some boulders, in a clearing of trees, I slipped into the first altered consciousness I'd ever been in. The world was so beautiful, more beautiful than I'd ever seen in my whole life. I didn't say anything, just sat listening to them softly talk, and then headed back to my truck with my girlfriend at the time, sat down in the front seat, turned the key, and put this song on; my eyes closed, and I sank deep into the song as the guitar softly swelled in at :50. It was the most beautiful moment of my entire life, and I used to grapple with that in principle, that the most beautiful moment, the happiest I've ever been, was on a drug, but I'm over that now. Now I just appreciate that I got to experience something like that. I've done other drugs, psychedelics since, but nothing has ever been like that night.

I'm sitting on my bed writing this up, looking out at night on a city only beginning to familiarize itself to me, but I can't help but feel warm, and content, and at home listening to this right now. Ah, this is a great idea OP.

**5**: Ahmad Jamal - The Essence. What I listened to came directly from my parents at this age. My parents are both fond of music. My mother listened to (and still does) almost exclusively classical music. She would often just have one of the classical radio stations on, and that would be what usually filled our house. Even though I played classical flute from a young age, I still think it was her who perked my interest in it. My father has no musical training and just collects things that sound good to him, which usually involves nostalgia, a good bassline or good drumming. He listened to a lot of jazz, and would play this track, [Flight](http://www.youtube.com/watch?v=qGXg61vQVbA), loudly through the house. To this day that double bass ostinato reminds me of the house we used to live in when I was five.

**10**: Hilary Duff. At this age I was yet to develop a passion for listening to music and would listen to whatever was on the radio in the top 40. I would listen to whatever my friends thought was cool, and at this point we were all mad for Hilary Duff. I believe [So Yesterday](http://www.youtube.com/watch?v=lt6PVVr4B04) was one of my favourites. 

**15**: [Korpiklaani](http://www.youtube.com/watch?v=e7kJRGPgvRQ), [Two Door Cinema Club](http://www.youtube.com/watch?v=YXwYJyrKK5A), [The Shins](http://www.youtube.com/watch?v=9U48Bk7dYMs). At this point I was delving a little deeper into the music world, but was still mostly swayed by what was popular. The whole indie folk, electronic and rock scene was getting big, and triple j, the leading radio station for that sort of stuff was all I really listened to. However my music collection was pretty large at this point, and I also had a significant amount of European folk/death metal, mainly because of a friend I had made online who lived in Slovenia and was really into it.

**17**: Big changes. What I've noticed typing this out is that between this stage and the last there is very little overlap; I've completely redone my collection. I discovered shoegaze maybe a year ago, along with post-rock which led me to things like doom metal, black metal, math rock and 90's alternative. I like to believe Slowdive changed it all. I remember having [this track](http://www.youtube.com/watch?v=JzVwpibI8uY) on my iPod for ages, from that time I swapped iPods with a friend of mine for a week, but never looking into it. When I discovered there was a whole genre like it, it literally changed my life. The people I've met through this music taste are unlike any others, they seem so compatible with me. I've also returned a little to my parent's tastes, listening to more classical music from my mother, like Stravinsky, Shostakovich and Debussy as well as picking up Ahmad Jamal and Pink Floyd from my father.",reaction,
"What are your personal top 5 favorite artists? (And why?) Here are the 5 artists that have given me the most joy, in no particular order:

Beatles -- They gave rise to the rock tradition, to modern music.  Anything that you hear today stems from The Beatles in one way or another.

Sonic Youth --They remind me of post-post-modern artists who use old, rubber tires and other junkyard objects to create art, in that they use guitar distortions and noise to create, in its ugliness, beauty. And isn't that what art is all about?

New York Dolls -- They gave rise to the whole Glam rock movement. Though glam rock sucks, these are a talented bunch of rock stars that know what they're doing (unlike their successors). Their entire discography is A+ stuff. While both of their studio albums rock, they also are filled with quality content.

Gram Parsons -- If not Johnny Cash, he is the king of country. Blending the popular hippie movement with a relaxed country sound, he creates some of the best music to smoke to.

Neil Young -- Unlike Dylan (which is also one of my favorites), his lyrics are more abstract, but nevertheless poignant. Just listen to After the Gold Rush to see how this man can create melodies. I have the same motto, so an upvote for you, too!  

An yea Bill is awesome...i saw him last summer and it was fuckin killer!  His early records just feel so real and intimate, and his stuff now keeps that same authentic quality in a more polished americana with lyrical themes that are fuckin fresh and beautiful",opinion,
"explain your customized user tag We're all obviously here because we love music and wish to discuss it, so lets discuss our customized user tags. If you're tag has a music related reference, lets hear about it. If your's does not, your opinions and comments about others are still valid.

I'll start: My tag ""one of us cannot be wrong"" is the titled of a Leonard Cohen song from his first album ""The Songs of Leonard Cohen"". Not only is that entire album awesome, but its packed full of emotion and clever wordplay.

Its a song that can almost move me to tears and has started several drunken sing-a-longs with my buddies. I've heard its about the singer Nico.

Not only is the original version awesome: [Leonard Cohen](http://youtu.be/iels3GLw-zs), 
but so is this version by the group [Harvey Milk](http://youtu.be/pToNdH3GOjQ),
and here's a version by [Beck's Record Club](http://youtu.be/Jvp2Yoc06Hg)

Tell me about your tags! &gt; incompetent novice is really a comment on his technical ability, 

Hah! 

Some of the worst guitar ever recorded: 

http://www.youtube.com/watch?v=fl6s1x9j4QQ

At 0.42 it's almost unbearable how embarrassing it is. Have you heard the outtakes from recording sessions? 

EDIT: Obviously, according to my thesis I recognise that you *think* he's good but due to mass hysteria or Aleister Crowley's ghost this is an illusion. 

EDIDIT: Of course Harrison has no technique whatsoever, neither has Robby but they are both so gorgeously musical, they understand time, nuance and tone and their fingers touch the guitar in a way that is as artistic as it is ""simple"".",reaction,
"Let's Talk: Sellout Albums The term sellout is thrown around a lot. And most of the time it's negative, but I don't mean it to be negative. What I want to talk about here is albums in which the band A) Sold more records than previous albums and B) The band (maybe even slightly) changed their style to do-so.

When someone says sellout album to me, I think of 4 specific albums:

*Muse - Black Holes and Revelations*

This album was less heavy than previous works. It was around the release of this album that compassion between Muse and Queen became common. I couldn't find exact numbers, but it was their highest selling album at the time.

*Metallica - Metallica (Black Album)*

I'm sure no one needs an explanation as to why I feel like this is a Sellout album. Metallica abandoned their melodic, harmony-filled style in favor of a more simplistic, slower, catchier, style. This album went 16x platinum.

*Modest Mouse - Good News for People Who Love Bad News*

We see a lot of changes in this album. While not every song on previous albums were long, this album only has one single song over five minutes long. The songs are more hook based, and there is significantly less use of the whammy bar on the guitars, which was a staple of their sound up to this point. It sold 1.5 million copies, their highest selling album to date.

~~*Bob Dylan - Bringing It All Back Home*~~

~~This was Dylan's first electric album. It really pissed off a lot of people. Dylan went on to continue to play electric for the rest of his 40+ year career.~~

Edit: Fair enough, I suppose Dylan was in fact, NOT selling out.

*I'm not by any means saying these are the only Sellout albums, or even the best 4 examples. These are just personally what comes to mind for me.

The interesting thing about these albums, is that even though each of them represent a point in the artist's career when they changed their sound for the mainstream, I think they are all very good albums. (Maybe with the exception of Metallica) I listen to all of these on a regular basis. In the case of Muse and Metallica, most people would argue that the quality of their work decreased after the release of these albums. Modest Mouse and Bob Dylan, on the other hand, have released quality material even after a dramatic shift in their sound.

What are your thoughts on Sellout albums?
 Black Holes &amp; Revelations isn't a sellout album. Not at all. Sellout albums are characterized by being ""dumbed down"" and sticking to a formula. BH&amp;R was far more diverse and more experimental than their previous albums - pretty much the opposite of selling out. Sure, Starlight is poppy and radio-friendly - but that's one song. And the 30 seconds immediately before it (the ending of Take a Bow) are a bunch of increasingly-chaotic noise, reminiscent of some of Nine Inch Nails' stuff. Assassin is every bit as heavy as Stockholm Syndrome. Supermassive Black Hole is groovy, but it still sounds like Muse - and it has a vocal style that could turn a lot of people off (which is exactly the kind of risk you don't want to take if you're selling out).

I would argue BH&amp;R was their creative peak; sellout albums are characterized by a *lack* of creativity. Just because they changed directions a bit and were more popular as a result does not mean they were selling out whatsoever. By that definition, Radiohead sold out with OK Computer (really they did the opposite - their label thought the album was going to be commercial suicide).

I think I understand what you're getting at - but I don't think ""selling out"" is the right term for it.",analysis,
"Discussion: The best song about heroin. NOTE: I HAVE NEVER DONE HEROIN NOR DO I CONDONE IT.

However, let's face facts. Some EPIC tunes have been written on the subject. Golden Brown by the Stanglers, Mr. Brownstone by Guns and Roses, Dead Flowers by the Stones, Running To Stand Still by U2, Needle and The Damage Done by Neil Young, The Velvet Underground's entire *oeuvre...*


Some are cautionary tales, some not so much. My point is this - it's an incredibly difficult subject and yet it has been the inspiration for so many great songs. So... Let's talk music. Anyone want to have a go? VU's 'Heroin,' no contest. I like many of the tunes mentioned here, but they're about heroin lyrically. I find that in 'Heroin, the music itself embodies heroin use, not that I know personally. It's an exemplary instance of lyrics and music working together to express meaning. The alteration of calm and frenzy mirrors the experience of shooting up. You have the blissful guitar strums, but always on top of the subtle, menacing drone (which I see as the addiction) in the background, which is revealed after the other instruments fade out (after the drug wears off). You have the thumping drum hits, mimicking an accelerating heart beat, continually waxing and waning, eventually leading towards a cacophony, before resolving. A lot like ""chasing the dragon,"" continually seeking a return to the original euphoria, which i see represented fully in this closing, explosive section of the song. Unclear whether all, some, or none of this meaning was intended (that's what makes discussing art fun and rewarding) but nonetheless it makes listening to song a richer experience for me.",analysis,
"Any fans of progressive rock? Favorite band/artist and why?

Mine would have to be King Crimson. For starter's, they basically invented prog with the release of ""In the Court of the Crimson King"", which is probably one of the best debut albums by any band ever. Their music drew from sources that were unconventional in rock music, making them groundbreaking at the time. They blended together the heaviness of rock, improvisation of jazz and even some classical, to create a sound that was wholly unique. Take for instance, the opening track of ITCOTCK: [21st Century Schizoid Man](http://www.youtube.com/watch?v=ujIbpt-CCTY). Also, they weren't a one trick pony: [this is what follows the former track; notice the beautiful contrast](http://www.youtube.com/watch?v=7kVNl-9cS9c). My favorite [song](https://www.youtube.com/watch?v=Z9IQnDRYIYU) of theirs; which is as [this](http://www.progressiveears.com/frippbook/ch06.htm) guy notes also happens to be written in sonata form, is a culmination of a lot of the things I just mentioned. They were also ever evolving. Consider [70's](https://www.youtube.com/watch?v=ukvu-CS822Y) Crimson and then [80's](https://www.youtube.com/watch?v=N8tqEas6mjY) Crimson and then [90's](http://www.youtube.com/watch?v=iLknXJ9iLEA) Crimson. They went through multiple lineups, but have always had virtuosic musicians at the helm(Fripp, Bruford, Whetton, Lake, Belew, Levin, etc...). And lastly, their body of work has consistently been good if not amazing throughout a span of 40 odd years.       I've only heard ""The Whirlwind"" by them; which is pretty awesome until the last 10 mins where Neal Morse starts preaching...",analysis,
"Music that revolutionized your taste in music. What are the bands that opened up whole new genres for you? 

When I was 16, I got into Streetlight Manifesto. I had already been listening to some punk and third-wave ska, but after listening to them, I got really into it. Gone were the days of listening to blink-182 and Reel Big Fish, I got into the more hardcore style. It made me appreciate bands like The Clash a lot more. 

I really loved how they were able to fit in so many instruments at such a high pace. I never heard something like this before, the way they combine punk with lots of other types of music. I don't think I ever heard a band that is similar to Streetlight Manifesto. Too bad they are overdoing their own sound now.

Streetlight Manifesto: http://www.youtube.com/watch?v=xo76ijhUqjE

Then one day, I found out about a band named The Skints. I heard about them after going to a Streetlight Manifesto show, talking about ska with people. They are closer to the true Ska sound, unlike bands like Reel Big Fish. They mix their ska with dub, reggae and a bit of punk. It pulled me away from third wave ska and got me into Desmond Dekker and The Specials. They don't have much of their stuff on youtube, but their first album in my opinion, as a whole, is one of the best I've ever heard. Took me like 5 whole listens to appreciate it, but now that I do, I really love it. 

Give this band a shot if you like diversity in the songs, multiple good vocals, and just the feel of an album, and not 11 random songs put together on one CD.

The Skints: http://www.youtube.com/watch?v=iRpfIsyLcBc (their first song on the first album, it flows right into the second on the album, too bad you miss that here).

After having listening to a lot of punk and ska, I had to listen to something new. I asked around a lot, on what people were listening to, but for some reason, dubstep, electronic music and metal don't suit me at all. And if you ask random people, they will most likely recommend that kind of music. But someone on a football forum of all places got me listening to a band called Alison's Halo. I fell in love with them instantly. 

The vocals were so soothing and the guitars were perfect together with the vocals. This got me into the shoegaze/dreampop stuff. My Bloody Valentine, Slowdive, Airiel, etc. 

Alison's Halo: http://www.youtube.com/watch?v=W218HJXj8Fo 

My latest revolution in music taste came from Neutral Milk Hotel. A girl I had a crush on told me about this band, and a few months later, I gave it a real shot. Now In The Aeroplane Over The Sea is my most listened album (at this moment) and I am listening to bands like of Montreal, Elf Power, Beulah, The Apples In Stereo and even more punky folk stuff like Andrew Jackson Jihad, back to the punk stuff where it all kinda started for me. Also the reason why this video just gives me chills: http://www.youtube.com/watch?v=H5CQYXdZDNY
If only I could have been there...

Bands like this make me appreciate various instruments apart from the guitar, bass and drums. A high school kid will tell you the trumpet or violin are gay. I love those instruments. You can make great music in almost any genre with those instruments. They should teach this at school (they don't in Holland). 

Neutral Milk Hotel: http://www.youtube.com/watch?v=XLaFLztnL84

I'm curious as what I'll be listening to in 5 years. Maybe I'll get into more electronic music and dubstep. It's just amazing how much good music there is to be found. I never heard of Neutral Milk Hotel a year ago, yet they are a very big name in the music scene. It's sad to know that I will never get to enjoy all of it. 

Sorry for the long post, and if this invites ""list-like responses"". I hope you will post similar stories to mine, and mention why the bands revolutionized your tastes.  I don't really know why, but I was obsessed with Das Racist for a while - probably just because they are so different than what I listen to as typical hip top. Pizza Hut and Taco Bell was a novelty song, but their mixtapes/albums really are amazing. They seem to just be really cool, intelligent dudes. Definitely recommend them to anyone into hip hop. Couple favorites 'You Can Sell Anything', 'Amazing', just listen to the mixtapes if you haven't",analysis,
"Album Of The Month Club June 2012 - Beach House - 
Bloom [Bloom by Beach House](http://grooveshark.com/playlist/Beach+House+Bloom/74168899) is our album of the month for June. Have a listen and see what you think.  I definitely agree with *Bloom* coming off as *Teen Dream* 2.0. It shares the same kind of texture, not like the sleepy, heavy haziness of their title and sophomore albums. It definitely continues *Teen Dream*'s progression towards a lighter, brighter, more poppy sound. 

Personally, I really enjoyed the album openers and closers, *i.e.* ""Myth"" and ""Irene"". ""Myth"" just has that sense of endless dynamism that was clearly woven throughout the *Teen Dream* opener ""Zebra"", while ""Irene"" echoes the drifting rising feeling of ""10 Mile Stereo"". 

I think it also retains Teen Dream's first 4 track format. What I mean by this is that the first 4 songs on the album, in this case, ""Myth"", ""Wild"", ""Lazuli"" and ""Other People"" are really well-executed and fit together very well, whereas the rest of the album comes off as a sort of add-on to these four. The beautiful ""Irene"" however, is an exception (and that hidden track- wow!).",analysis,
"Let's talk: The Beach Boys In my opinion, The Beach Boys are one of the most inconsistant popular bands of all time. They've had [incredible highs](https://www.youtube.com/watch?v=q32mzHQU58U) and [incredible lows](https://www.youtube.com/watch?v=iBFsJk6PWu0) in their 50 year span. They've released multiple great albums (Pet Sounds, The SMiLE Sessions, Today!) and multiple clunkers (Basically anything past 1977's Love You album). Regardless, I'm interested to hear everyone's opinion on the band!

If you are unfamiliar with The Beach Boys or want to further your knowledge, I've assembled a brief list of songs that detail their evolution of a surf rock band into an insanely talented baroque pop band.)

EARLY 60's

[Surfin'](https://www.youtube.com/watch?v=l2sfev-gu3I)

[Surfer Girl](https://www.youtube.com/watch?v=xZGgyJrruCo)

[Don't Worry Baby](https://www.youtube.com/watch?v=gkH5B80CP88)

[Fun Fun Fun](https://www.youtube.com/watch?v=KoLMLFz2Hg8)

[I Get Around](https://www.youtube.com/watch?v=5WP2exZurfc)

[Please Let Me Wonder](https://www.youtube.com/watch?v=m_hPqnxaYYI)

[In the Back of My Mind](https://www.youtube.com/watch?v=IkLLJnaHjrQ)

[California Girls](https://www.youtube.com/watch?v=0a49McFOFp0)

LATE 60's

[Wouldn't it be Nice](https://www.youtube.com/watch?v=T0spkrwl9Qk)

[God Only Knows](https://www.youtube.com/watch?v=DpoNd_YAAPs)

[Good Vibrations](https://www.youtube.com/watch?v=NwrKKbaClME)

[Heroes and Villains](https://www.youtube.com/watch?v=ptxwWt2JeGQ)

[Wind Chimes](https://www.youtube.com/watch?v=QzH-wscfaM4)

[Little Pad](https://www.youtube.com/watch?v=YpruZObr6I4)

[Friends](https://www.youtube.com/watch?v=_qgiOTQYeH0)

EARLY 70'S 

[Forever](https://www.youtube.com/watch?v=8Tokxcbu_Uo)

[Til I Die](https://www.youtube.com/watch?v=46IQu0yuJzU)

[Surf's Up](https://www.youtube.com/watch?v=QQ2OKoLpNBM)

[Sail On Sailor](https://www.youtube.com/watch?v=RQOaLP-qPmk)

[California Saga](https://www.youtube.com/watch?v=v4BiHBwQlg8)

[Ding Dang](https://www.youtube.com/watch?v=Nw3JBwfJP-s)
 I think if it wasn't for capitol records and/or Mike Love, the Beach Boys had the potential to be mentioned in the same breath as the Beatles, not just in 1966 but also today. Every since Brian started to mature as a composer and write more introspective songs starting with ""Beach Boys Today"", Capitol records and later Mike Love, kept pushing for the band's fun in the sun surfing/cars/girls image which Brian tried so hard to get away from. If Brian had more support on his musical direction, there's almost an alternative history of the band that could've begun - 

First, if instead of ""Bull Session with big daddy"", the ""Today"" album ended with ""Guess I'm Dumb"" with Brian or one of the BB's singing lead instead of giving it to Glen Campbell. This song was by far the most advanced and personal song he had written around late 64/early 65, and with a more understanding record company and cousin, they might have seen this as creative growth and the Beach Boys' music from then could've evolved as much as the fab 4's had during that period. 

Then the Summer Days album, instead of including tracks like ""Amusement Parks USA"" could've included more tunes similar in style to ""Let Him Run Wild"" (and possibly had an alternative album title). The Party album would never have happened as this record company would let Brian write Pet Sounds without pressure and not pushed for a mandatory christmas-release album. From then on, Pet Sounds would've easily been more of a chart success due to promotion by the record company, and of course, by having support from his record company, and perhaps some guidance and support from all of the band, maybe a 1967 SMiLE could've been a reality. 

And of course, had the band changed their image (no pin striped suits or the late 60's all white suits), and performed SMiLE tunes at Monterey, this would possibly have changed how people saw the group around the time, and they would have had additional fans in the counterculture. From here on, who knows what direction their music could've gone in, or even if despite all of this, if Brian would've still started to have the same personal problems he faced starting around this time period.",opinion,
"Let's Talk: Vampire Weekend - Modern Vampires of the City I'm really impressed and this is a huge improvement over ""Contra"", which I was iffy on. It flows wonderfully, and the songs have more space and maturity. This is an album I see myself listening to 5 years from now too.

Your thoughts? This is so much better than the generic 'indie boys with silly tunes' that I've pretty much seen them as for the past few years.

Diane Young really got my attention, I love the frantic drums and the strangely harsh production. Overall the whole album is really a step up from their past two albums, serious contender for album of the year. Definitely makes me want to see them live.

Also the reggae influence of the title can be nothing but a good thing.",opinion,
"Let's Talk: Vampire Weekend - Modern Vampires of the City I'm really impressed and this is a huge improvement over ""Contra"", which I was iffy on. It flows wonderfully, and the songs have more space and maturity. This is an album I see myself listening to 5 years from now too.

Your thoughts? &gt;Diane Young

it's got this really nice blorpy-blerpy sound mixed with some cool arrangements that reminded me of [django django](http://www.youtube.com/watch?v=DDjpOrlfh0Y).

that's definitely the high point of the album. it doesn't seem as tight as the last two. kind of all over the place.",reaction,
"Let's talk: Alcest I'm not really sure what to think of this band. I really enjoy their music, and it is because of them that I now know and appreciate shoegaze as a genre (it's listed as one of their genres on Wikipedia, which peaked my curiosity). But I feel like they themselves are only shoegaze in a very vague sense of the word.

They're a metal band, you can't dispute that. But it's almost like they're so post-black metal that they accidentally wandered into an entirely different genre. In their latest record, there's really only very few instances of anything distinctly metal (a growl, a blastbeat).

I think the really unique thing about them is that their riffs and melodies have a very ""metal"" style and feel to them, in terms of mixing, tone and even the general feel of their distortion, but they don't actually sound *that* metal.

I love the vocals. It has a very drone quality to it, but at the same time, is it obvious that Neige is clearly a hugely talented singer.

I don't know. I don't really have a ton to say in terms of conversation starters, I'm just curious what all you guys think about them. I'll throw some links below in case you're aren't familiar with their work.

[Autre Temps](http://www.youtube.com/watch?v=xCwGMLncumM)

[Sur L'Ocean Couleur De Fer](http://www.youtube.com/watch?v=waGDKnFv_Vg) I don't think Alcest are a perfect 50/50 split between shoegaze and metal. It's more like shoegaze that borrows some aesthetic elements from black metal, which isn't a slight against them at all. If you like Alcest, you should look into [Amesoeurs](http://www.youtube.com/watch?v=QJrBklCrHz0), Niege's other project, which has a much stronger black metal influence, and [Peste Noire](http://www.youtube.com/watch?v=oMTLSd2iRA8) an associated act, that ""covers"" Charles Baudelaire poems. I'd go as far as to say that after the 90s, France really dominate the black metal scene.",analysis,
"With the reissue of Lambchop's ""Nixon"" (2000), a primer of the album and the group's canon of music In honor of the reissue of one of my favorite albums and the fact that not many people seem to be familiar with them and a search of this subreddit didn't bring up the name, here is a little primer on Lambcop, the band - starting with this reissue of ""Nixon"" (2000):

Here's Pitchfork review of Nixon:

http://pitchfork.com/reviews/albums/18826-lambchop-nixon/

&gt;Even as a fan, I understand the ways in which Lambchop can seem standoffish and cold. “I’m in the thick of it,” Wagner admits on “The Distance from Her to There”. “I’ve been a dick with it/ You’ll get used to it.” Against the sumptuous sounds of reverb, jazz chords, and violins, he sketches out images of drunken neighbors and people peeing on railroad tracks. “The kids out in the street,” goes a line on the album’s opening song, “The Old Gold Shoe”, “take their toys and break them, and look at them and walk away.” There is no poetry here—no embellishment or elevation. This is just the everyday kind of mean you see when you open the window and look outside.  

""Nixon"" - [album as youtube playlist](http://www.youtube.com/watch?v=3Bg3Q8WvKC4&amp;list=PL28B99C72EED02434)

    ""The Old Gold Shoe"" – 6:21
    ""Grumpus"" – 4:19
    ""You Masculine You"" – 5:59
    ""Up with People"" – 5:59
    ""Nashville Parent"" – 5:38
    ""What Else Could It Be?"" – 3:38
    ""The Distance from Her to There"" – 4:20
    ""The Book I Haven't Read"" (Wagner, Curtis Mayfield) – 5:44
    ""The Petrified Florist"" – 4:52
    ""The Butcher Boy"" (traditional) – 2:54

My favorite is:

[Nashville Parent](http://www.youtube.com/watch?v=QiLBMSPmayo)

Great build, sultry sweet and smooth.  Wagner both sounds fantastic and then harsh and sometimes tongue-in-cheek while straddling the line between country music, lounge music, folk, rock. 

At some point, Wagner starts singing the female parts of the album: 

[You Masculine You](http://www.youtube.com/watch?v=s7qR5dsP75E&amp;list=PL28B99C72EED02434)

Why? I don't know.  he does it several times and there's another female singer that does sing sometimes so... I think its probably just them experimenting and doing things to create an overall trashy kinda vibe but, I really love all the eccentricities all over the album.

More gems that grow on you fast:

[Grumpus](http://www.youtube.com/watch?v=7awsMcC-u64),  
[Up With people](http://www.youtube.com/watch?v=M4PxY_RPBeM)   
[The Book I haven't read](http://www.youtube.com/watch?v=coJ4vHt3yHc) . 

Great song writing, multiple genres, great build, experimentation, playful, soulful and full of heart.    Is this country? Rock? Lounge?

----------

And the Good news?  Every one of their albums is distinct, eccentric, experimental while being really excellent song writing. They're bringing together genres and styles, right and left and do it with a streak of fun and wit and heart and soul. 

    1994 I Hope You're Sitting Down/Jack's Tulips
    1996 How I Quit Smoking
    1997 Thriller
    1998 What Another Man Spills
    2000 Nixon
    2002 Is a Woman
    2004 Aw Cmon
    2004 No You Cmon
    2006 Damaged
    2008 OH (Ohio)[1]
    2012 Mr. M

And still going.  I discovered them through ""Mr. M"", loved it and then went back through the whole canon.  What a great journey it was. I saw them in the huge basement of a cool guitar shop.  They were fantastic.  Great lives band.

My favorite album is Damages (2006)

[Prepared [2]](http://www.youtube.com/watch?v=xh7AxmKnsOQ)  
[beers before the barbican](http://www.youtube.com/watch?v=xa9pBDqoDjs&amp;list=PLuIeeUMPWLkiHaIHdUw1bcaaxmkmdlCHw&amp;feature=share&amp;index=2)  
[I Would Have Waited Here All Day](http://www.youtube.com/watch?v=MBgHV6lPFrk&amp;list=PLuIeeUMPWLkiHaIHdUw1bcaaxmkmdlCHw&amp;feature=share&amp;index=3)

I don't have any real question or discussion starters but I am sure there are people out there with strong opinions about them good or bad.  I'll be happy if it launches just one persons fascination and ultimate joy this band has given me over the last 2 years.

It's also excellent drinking music 9/10, would get tanked on whiskey with them again.

[More lambchop info @ wikipedia](http://en.wikipedia.org/wiki/Lambchop_%28band%29) How about one I didn't mention:

Aw C'mon (2004) [Youtube Album Playlist](https://www.youtube.com/watch?v=Qkv50ShfHDU&amp;list=ALBTKoXRg38BC79uc_cdZi2g8QqRTdJGvi)

It was released with a companion album ""No, You C'mon"" but ""Aw Cmon"" is the superior album IMHO.  I love:

[Steve McQueen](http://www.youtube.com/watch?v=QEGGC55FK5k&amp;list=ALBTKoXRg38BC79uc_cdZi2g8QqRTdJGvi&amp;feature=share&amp;index=1)

[Nothing but a blur from a bullet train](http://www.youtube.com/watch?v=N8ptVKZcBMo&amp;feature=share&amp;list=ALBTKoXRg38BC79uc_cdZi2g8QqRTdJGvi&amp;index=4)

[I hate Candy](http://www.youtube.com/watch?v=9jfevUSuMi0&amp;feature=share&amp;list=ALBTKoXRg38BC79uc_cdZi2g8QqRTdJGvi&amp;index=7)

I even got my hip hop obsessed friend into this album.  We'd be drinking and after a few he'd pronounce, 'time for that Lambchop' and put this album on :)",opinion,
"panned! (or: records you love that critics hated.) this is a good question to ask at a slow party if you end up talking to another music head. I've seen a bottle get broken out of sheer enthusiasm during the explanation^# , so I'm hoping for something interesting from reddit.


I have a lot of these, but Scott Weiland's *12 bar blues* is a good one because it wasn't just dismissed by critics, it also didn't sell very well and has completely fallen into the margins of history at this point. especially given that you occasionally have to remind people [who Scott Weiland is.](http://www.youtube.com/watch?v=ht672-wYelc) *spin* and *rolling stone* hated it (I think David Fricke called it confused and indulgent), and stone temple pilots fans rejected it on principle for not sounding like STP. but the record remains outrageously interesting even just for being a weird hybrid of grungy glam, lounge, and extremely aggressive electronics a la layers of heavily distorted theremin. these production decisions are really what keeps the album together, constantly jumping between being so prominent as to virtually throttle the rest of the music and being barely audible. and, as if that wasn't enough, this all happens on top a revolving door of songs that sound kinda like tom waits teamed up with slade to cover *hunky dory.* there's also this guy named [Victor Indrizzo](http://www.victorindrizzo.com/) who has credits all over the record; I have a suspicion that he had a lot to do with the adventures in sound contained thereon, particularly because Scott's second solo album sounds [nothing like this.](http://www.youtube.com/watch?v=yrXyzGvpuxA)

select cuts:

* [jimmy was a stimulator](http://www.youtube.com/watch?v=fiWpW1HacfU)

* [cool kiss](http://www.youtube.com/watch?v=sxGG81vrT2A)

* [desperation no 5](http://www.youtube.com/watch?v=REumfh2DFMA)


^# to pre-empt the first comment, the record was *monster* by REM. *core's* not bad. just don't read the story in the liner notes.",analysis,
"Pink Floyd - The Wall I just listened through the album for the first time. 

I am feeling horribly empty. The reverb, the echoes, the static of the TV, the distant hazy voices, the sheer desperation... this is a devastating album, but epic in a microcosmic sense. Universal, yet subjective. Everyone has their own mothers and walls. 

Disc 1 chronicles the bricks, the slow descent of sanity and ascent of the wall. I was listening to [""Mother""](http://www.youtube.com/watch?v=gmmKzEKYvdM) when I realized Pink just wants someone to hold his hand. He's retreating and keeps trying to return to her. 

Disc 2 starts off with a deeply ominous tone. Aeroplanes, the lack of control, the death of innocence. And in [""Empty Spaces""](http://www.youtube.com/watch?v=ARXKvVeVtXg) Pink is trying to fill those empty spaces with emptiness. And then he's so bitter and angry and loud, which escalates further and further until it all blends together into incoherent droning broken by... that single, final slam. Pink angrily destroys his house in [""One of My Turns""](http://www.youtube.com/watch?v=IqEytMfQCLI) but that final ""Why are you running away?"" sounds full of despair and desolation. His cutoff ""goodby-"" as the wall is completed in [""Goodbye Cruel World""](http://www.youtube.com/watch?v=FD-R7KsE3-Y) was particularly striking. 

The next disc is full of all this fuzzy noise: the sound of an empty room. ""Divided we fall, fall, fall, fall"" and falling. Then again with the layering on ""Is there anybody OUT THERE!""

And finally, we get to the end. He becomes a dictator. The Judge in his mind commands to tear down this wall. And the album ends on a lukewarm note. Loneliness is still there. And the ending! ""Isn't this where we come in?"" This reminds me of a [Hopper](http://foxpudding.files.wordpress.com/2010/10/hopper2auto.jpg) [painting](http://www.artchive.com/artchive/h/hopper/nighthwk.jpg) or of Caldwell's [*Tobacco Road.*](http://en.wikipedia.org/wiki/Tobacco_Road_(novel\)) It continues this never ending cycle, or maze rather, of isolation. 

My friend and I were trying to match this up with Campbell's [monomyth](http://en.wikipedia.org/wiki/Monomyth) if anyone here's familiar with that. My friend thinks that the album as a whole focuses on the Initiation (into a person), which I definitely agree with. Women and the Mother also match up. I think some version of a ""Confrontation with the Father"" occurs during ""The Trial"" and that Pink is narrating from outside the wall, where he has experienced both worlds to some extent. I'm not sure he ever achieves the final step of accepting mortality and living though. 

Anyways, I've talked for long enough. I'm interested in hearing your thoughts on this album! I'm writing this right off of my first listen-through, so please add anything I've missed. 

-------------

**EDIT:** Added links and pretty pics. This is a great discussion so far!  I originally got obsessed with this album when I was about 10 years old. 

I've gone through a lot of things that Pink did. Depression, self-isolation, drugs, fucked up relationships, judging and hating yourself. The past few years I've been slowly tearing down that wall brick by brick. But it really all started to crumble the past 5 months since a Very close family member died. I wrote to my friend this past week:

&gt;The whole theme is that over the course of his life, the main character, through no direct fault of anyone, builds an emotional wall to hide himself. No one really hurt him too much on purpose, but...over the course of his life, fear led to a self-sentenced isolation..
&gt;
&gt;
&gt;The end of the album
&gt;
&gt;Quote:
&gt;All alone, or in two's,
&gt;The ones who really love you
&gt;Walk up and down outside the wall.
&gt;Some hand in hand
&gt;And some gathered together in bands.
&gt;The bleeding hearts and artists 
&gt;Make their stand.
&gt;
&gt;And when they've given you their all
&gt;Some stagger and fall, after all it's not easy
&gt;Banging your heart against some mad bugger's wall.
&gt;
&gt;
&gt;
&gt;
&gt;It's finally happening. I remember listening to this album over and over when I was ages 10-13. I loved it. I related to it on levels I didn't understand.


So, yeah. It's an important album to me.",analysis,
"Most important albums of the last 50 years? In your opinion, what are the albums most important to music's development in the last 50 or so years? A few of mine:
Joy Division-- Unknown Pleasures (flipped punk inside out, replacing extroversion with introversion and adding tension to tension and release, setting the scene for all post-punk and it's various branches)
Talking Heads-- Remain In Light (brilliant mixture of african world music, punk, and rock to create a whole new sound. Changed production by being recorded in samples and individual parts which were later layered over each other)
David Byrne/Brian Eno-- My Life In the Bush of Ghosts (first album to use sampling, in addition to setting a template for ambient electronic)
Daydream Nation by Sonic Youth/Doolittle by Pixies (combined rough grunge and noise music with more accessible pop tunes, paving the way for alt rock of the 90s and today)
Pavement-- Slanted &amp; Enchanted (one of the key albums to usher in the lo-fi movement along with helping establish a desire for groups to remain on indie labels)
Panda Bear--Person Pitch (started the huge movement of laptop made music we see today) The Velvet Underground gets far too much credit for being the ground zero of where punk began. The musical style and attitude of punk started with the original garage rock bands, and you can find examples of this as early back as the first few years of the 60's (examples: 
[1](http://www.youtube.com/watch?v=_Y67yy3iniI), 
[2](http://www.youtube.com/watch?v=BaLzOeNSuB8), [3](http://www.youtube.com/watch?v=EJBAb7pdEUU)). VU and the Warhol clique were instrumental in helping emerging New York punk bands in the 70's play shows, but their brand of art-rock bears little resemblance stylistically to punk, besides perhaps the fact that is was deliberately going against the grain of mainstream culture. It's similar to how the members of The Nerves, a powerpop group, were instrumental in helping set up the first DIY shows for early punk bands on the west coast. Remember that in the 60's and 70's things were done on a local scale; Iggy Pop couldn't've been influenced much by the VU until his band toured New York and he met Reed and Warhol and Nico for the first time. Nobody was buying VU records at the time anyway, it took decades for people to realize the role they played. 

Okay I'm kinda losing my train of thought here, my main point is that if you're looking for the origins of punk, it goes back a lot further than the VU. While they played their part, remember that the ""Punk"" movement began as a reaction to the mainstream over-produced and wankery-filled glam and progressive rock. Where did they look for inspiration? At 60's garage groups who played simple, four-chord rock music. There's a reason why Iggy Pop covered [this song from 1958](http://www.youtube.com/watch?v=jmdtTOF6LTs). It's punk. It's punk before Dave Marsh called ? and The Mysterians ""punk"" in Creem Magazine. Punk.",analysis,
"Let's Talk ""White Privilege"" in Hip-Hop So, the other night, as many of you know, Macklemore and Ryan Lewis won a Grammy for best Hip-Hop album.  The controversy in this stems from the fact that many hip-hop fans don't view The Heist as hip-hop, and view Kendrick Lamar's Good Kid m.A.A.d City to be a modern classic.    After the award was announced, a cascade of accusations of racism rained down on the Grammy's.  Many people view Macklemore's popularity a result of he and Ryan Lewis being white.  But, is it fair to say that mainstream America, and even the Grammy's are racist based on Macklemore's success?  I don't really think so.  

Let's start at the beginning.  It's very well known that Rock and Roll started as a predominantly black music genre.  It had its roots in soul and the blues, two genres popular with black people.  It wasn't until Elvis came along and made the genre mainstream that white listeners began listening.  Many blacks viewed this as an appropriation and exploitation of their culture.  

Now onto hip-hop.  Hip-Hop, much like rock and roll, has its roots in predominantly black genres, soul and funk.  Hip-Hop quickly became the voice of the urban crowd in the late 70s.  In the 80s, hip-hop exploded in popularity while groups like Public Enemy continued the message of the urban struggle while keeping the memory of the appropriation of rock and roll in their mind (Public Enemy explicitly called Elvis a racist in Fight the Power).  Hip-hop remained a predominantly black art into the 90s (most white rappers were viewed in the public as novelties.  People like Vanilla Ice, Marky Mark, and House of Pain weren't really considered ""real hip-hop""), until Eminem released The Slim Shady LP and the Marshall Mathers LP at the turn of the millennium.  

Now you may be asking what the point of this history lesson is.  It's to show that no one disagrees about the roots of hip-hop being in black culture, but people do disagree on the place of white people in hip-hop.  A few months ago Lord Jamar, a very old school emcee turned actor, garnered controversy by saying that white people were guests in the house of hip-hop.  He did not say that white people were unwelcome, just that they will never truly be the same as a resident in the house of hip-hop.  While many black personalities including Hopsin and Charlemagne tha God called Jamar's comments racist and stated that white people were welcome in the hip-hop world, that's not the point.  Lord Jamar basically said that hip-hop is at its core, rooted in black culture.  This is something that RA the Rugged Man, a white rapper, agreed with.  Hip-hop is a black art form, and no one has a real problem with white people that make traditional hip-hop music (EL-P, Aesop Rock, RA the Rugged Man).  A lot of people have a problem with ""gimmicky"" white rappers in the mainstream.  A lot of people hated Mac Miller when he came out because he was nothing more than a weed rapper.  No matter how much music he knew (he actually taught himself how to play the piano, guitar, drums, and bass), he was viewed as a gimmicky white rapper (I say viewed because Watching Movies with the Sound Off, his new album is a much more mature album).  The same can be said for people like Asher Roth.  They're rappers, but they aren't making traditional hip-hop.

And finally we come back to Macklemore.  One of the Macklemore's songs is called ""White Privilege"".  In this song Macklemore contemplates his place in hip-hop as a white rapper.  He discusses Elvis and the appropriation of Rock and Roll, Eminem and black culture in hip-hop, and the culture gap between himself and the urban crowd.  In short, Macklemore questions whether or not he'll ever be anything more than just another ""White Rapper"", but I don't think that all white rappers are ""White Rappers"".  I can't really think of anyone referring to people like EL-P or RA the Rugged Man as white rappers, just rappers.  These rappers are respected members of hip-hop that just happen to be white.  While race may always play a role in anything cultural, its importance is greatly overestimate, in my opinion, in modern hip-hop.  I am an 18 year old high school student, and most of my friends that aren't really into hip-hop listen to just as much Drake and Tyler, the Creator as they do Macklemore and Eminem. 

So if race doesn't explain Macklemore's popularity, or the fact that most of his fans are white, what does.  Well for starters on popularity, Macklemore doesn't really give himself enough credit.  Macklemore recorded his first music in 2000 when he was 16.  He met and first started working with Ryan Lewis in 2006.  That's about 12 years of making music, and 6 years of making music with Ryan Lewis before he blew up.  Both Macklemore and Ryan Lewis have been putting in their dues in the Seattle Underground for quite sometime, and it's a disservice to himself for Macklemore to downplay that.  It's also hard to deny that both Macklemore and Ryan Lewis are just talented.  Ryan Lewis is an excellent producer and Macklemore's delivery is very catchy.  This brings me to my final point: they make catchy pop music.  I kind of view them to hip-hop as to what Taylor Swift is to Country.  They're not bad, they just make more poppy songs that the mainstream can jam to.  Add in some progressive themes like homophobia, racism, and consumerism, and you've got the perfect formula for success with the white college-crowd.  

TL;DR The Grammy's and mainstream America aren't racist; they just don't know hip-hop.  While hip-hop is a deep part of black culture, the presence of many white rappers is not a sign of exploitation or appropriation.  Macklemore is popular because he makes pop songs, not because he is white.


EDIT: I guess my perception of Action Bronson and the Beastie Boys were a little off base.  My bad


  Seattle proper or Everett / Bellevue / Bremerton / Tacoma? There are plenty of people who like him, except they are not adults and don't live in Seattle.",analysis,
"Lets talk Unknown music Recently i have been introduced to the band named, Portugal. the man, and i couldn't of been more blown away. I mean this band started in 2005 and i haven't heard anything about them up until 6 months ago. i don't understand how this band slips through the cracks of unknown music. I mean they have 8 albums and 2 eps and i have NEVER EVER EVER heard anyone even mutter the name. I believe that this band is one of the most underrated bands in history of modern music. 

here is a sample of what most of you probably been missing: http://www.youtube.com/watch?v=uEyw8WcIewE

does anyone else have any other unknown bands that the people of Reddit deserve to know about?  Flying Saucer Attack - a pretty unknown act on Touch in Go back in the mid 90's. Their record 'Further' is a noise rock masterpiece in it's own right. Self recorded and heavy on droning noises and endless feedback loops, laced with some of the most beautiful reverb soaked guitar songs I've ever heard.Especially recommended to fans of early Sonic Youth, Spacemen 3, and My Bloody Valentine.

Express Rising - The first self titled LP release is a hip hop instrumental masterpiece that has never gotten the attention it deserves. Dante Carfagna first LP after six 7"" releases on his own Memphix records. I seriously can't explain just how beautiful this record is. Highly recommended to those who love DJ Shadow's Entroducing, and to every one else too.",reaction,
"My thoughts on Hardcore Punk and ""the Scene"" ***TL;DR--ITT: ""What is to sell out do?""***

For some background info, in the late 70s when the Sex Pistols, Ramones, New York Dolls, and the Clash were getting famous (or at least garnering notoriety), it inspired angry teenagers to start bands regardless of their musical abilities. What came was the hardcore and indie underground scene of the 80s that later progressed into 90s alternative. 

Key players in the movement were Black Flag, Hüsker Dü, Bad Brains, Minor Threat, The Germs, and the Minutemen. For the most part, the music of these bands was simple, aggressive, fast paced, self-produced/recorded/distributed/advertized and inspiring. 

Now, I love hardcore punk, but I think the idea of the scene sometimes clouds people's perception of the actual music--that it's pretty bad. the movement, and punk in general, is about attitude, not music, and in turn, a lot of the music (albeit fun and sometimes catchy) is awful but put on a pedestal. 

What I want to discuss is this: I think bands that left the punk scene were better off as a whole. Bands that started off hardcore who evolved ended up much better than they were, and as a whole are better than one-dimensional hardcore acts. 

The Replacements started as a hardcore band, but quickly changed into a more alternative act, and released two phenomenal albums in the mid-eighties (*Let It Be* and *Tim*). 

Dinosaur Jr started off as a hardcore band called Deep Wound. Deep Wound sucks, whereas DinoJ's first three records are kickass and bring back the idea of the guitar solo to indie rock. 

The Flaming Lips started as a hardcore band and they were awful. Their 80s music is horrendous whereas their 90s material is incredible. 

The early Seattle scene was Green River, Malfunkshun, and the Melvins. The early grunge is so bad (fuck it, Nirvana's *Bleach* does not stack up to their later releases). when Green River and Malfunkshun broke up and later became Mudhoney and Mother Love Bone/Pearl Jam, they were SOO much better. 

I guess what I am rambling about is that I think bands who really stand out are the ones who don't necessarily ""sell out,"" but rather play to their own vision and comfort instead of to the vision of the scene. Maybe even succumbing to the scene over personal vision is more of a sell out move than changing your sound is. I don't know. 

***TL;DR--ITT: ""What is to sell out do?""***

 I think what my argument boils down to is this: Nirvana was a hardcore punk band who liked to play some pop tunes, and made some damn fine music. Pearl Jam was a pop band that liked to play dress-up, and had some damn fine marketing. Nirvana was capable of the real deal, and making music which is popular does not necessarily make you a ""pop band."" Look at Devo, look at Talking Heads, look at The Smiths. All of them have several extremely popular singles, but I wouldn't call any of them pop bands. But replace anything in Pearl Jam's catalog with a man singing vagina metaphors in a falsetto voice, and you have power ballads. 

Edit: Clarified wording",analysis,
"5 - 10 - 15 - 20: LetsTalkMusic There's a great feature on Pitchfork called [5-10-15-20](http://pitchfork.com/features/5-10-15-20/) where artists talk about what music they were listening to at certain times in their lives (at 5 year intervals throughout your life, up to your current age). It's a cool feature to learn more about your favorite musicians and get recommendations, but I think it'd be an interesting and different kind of thread for this forum - looking at the personal side, as opposed to the usual analytical nature of this subreddit.

Thought I'd start it off. I adjusted some of the ages a bit because certain years were more important to me musically than others. Edit mid-post: Fuck. Going through my life this way hit me hard. Definitely got a little nostalgic.

**5: Harry Chapin - [Mr. Tanner](http://www.youtube.com/watch?v=fo-tCNtFI10)**

My mom never listened to music much. She couldn't stand anything fast, or loud, or with electric guitar. She'll tolerate the occasional soft or acoustic songs, but that's about it. My dad though, loved music in almost a tragic way. The same two or three albums, worn raw, played on repeat for most of my childhood. We listened to the turntable back then, when I was five, when my dad was painting, or putting up Christmas lights, or doing the bricks on the side yard, or correcting papers for the history class he taught at a low income school in a neighboring town. 

He played this Harry Chapin album a lot, from the *Greatest Stories Live* record, along with Dylan's *Highway 61 Revisited* and Cash's *Live at Folsom Prison*. The rest of the time, it was the local country music station or street musicians who would sell their CDs out of their guitar cases outside of shops nearby our house. He'd get really excited about those guys, wanting to support them, pay them ten or fifteen bucks for their CD after hearing them play a few songs, and go home and put on the album immediately, but after a few spins they'd always fall out of circulation and find a caseless home in a dusty desk drawer with pens and post-it notes.

Even early on, this song really haunted me. The failed artist was something I connected with early on, the depth of the tragedy this song describes, even before I knew I wanted to do music for the rest of my life, even before I had connected with music on a deep enough level to truly fall in love with it. To me, this song was the saddest on the record - sadder by far than ""The Shortest Story,"" about a baby starving to death. This, this song, talked about an emotional death.  It haunted me in the same way Daniel Johnston's ""[The Story of an Artist](http://www.youtube.com/watch?v=FKW2H0WBqW8)"" would haunt me years later. 

**12: Rachmaninoff - [Symphony No. 27 Op. 27 Adagio](http://www.youtube.com/watch?v=QNRxHyZDU-Q)**

My best friend left for Germany when I was ten. I withdrew a lot that year, ate by myself, read a lot. I started listening to classical music, because in my world there was Top 40 and there was classical, and I didn't like Top 40. 

In seventh grade I made my first few friends I'd had for a long time, ate with someone else for a change. One of my friends listened to classical too, and loved Rachmaninoff, and I didn't understand that for the longest time, until one day I was over at his house and this adagio movement came in, with its seventh arpeggios, and I finally understood. It was the most music had ever moved me until that point, and when I went home I borrowed his CD and played this song on repeat all night. 

**15: Arcade Fire - [Wake Up](http://www.youtube.com/watch?v=kg_p0zjMQ1I)**

The biggest changes in my listening habits happened this year, my freshman year in high school. There's so much I could include that moved me along my way towards appreciating rock for the first time. I fell in love with a girl for the first time, and realized for the first time the nature of my limitation, my alienation, from other students. I had a friend who swore by every Beatles record ever released, and lent me *Rubber Soul*. My piano teacher told me to listen to Radiohead, and I went home and downloaded *OK Computer* one song at a time from YouTube.

But more than anything, I became passionately in love with Arcade Fire after hearing ""Wake Up"" in the commercial for the *Where The Wild Things Are* movie. I bought all their records on CD. I combed meticulously through YouTube, using a video to mp3 converter to download every rarity, B-side, and live cover of theirs I could find. Before the YouTube to mp3 converter though, I had a YouTube to mp4 converter, so if I wanted to listen to music I'd download the video and then watch it on my iPod nano. I came across this live version of ""Wake Up,"" shouted live through a megaphone in the middle of the crowd, and I remember lying in my bed watching this video on repeat on my iPod, seeking solace from the girl I loved and the way I sat alone on the steps before class while everyone else talked in groups. Ninth grade was the toughest year for me, and I'd make a lot of friends through it, pulling myself up by my bootstraps that year and the year after making friends, learning to fit in, falling in love with a girl who felt the same way. But I can still never think of this song without thinking of laying in my bed, or biking home the last day of the semester, knowing I wouldn't have a class with that girl the following term.

**18: Elton John - [Rocket Man](http://www.youtube.com/watch?v=DiPT-seJ9uc)**

I came late to the whole drugs thing. I smoked for the first time a few months after my eighteenth birthday, on a little hill in my small California home town. It was near sunset, and as I sat with a few good friends in a circle on some boulders, in a clearing of trees, I slipped into the first altered consciousness I'd ever been in. The world was so beautiful, more beautiful than I'd ever seen in my whole life. I didn't say anything, just sat listening to them softly talk, and then headed back to my truck with my girlfriend at the time, sat down in the front seat, turned the key, and put this song on; my eyes closed, and I sank deep into the song as the guitar softly swelled in at :50. It was the most beautiful moment of my entire life, and I used to grapple with that in principle, that the most beautiful moment, the happiest I've ever been, was on a drug, but I'm over that now. Now I just appreciate that I got to experience something like that. I've done other drugs, psychedelics since, but nothing has ever been like that night.

I'm sitting on my bed writing this up, looking out at night on a city only beginning to familiarize itself to me, but I can't help but feel warm, and content, and at home listening to this right now. My goodness, my user name really says it all here.  I'm an old man in this crowd for sure.

**5:**

At this point I listened only to commercial country music.  My mom was a huge rock and pop fan in her youth (with an enormous collection of 45's that I mined for gold throughout my youth) but turned the dial to country in the 70s because she wasn't down with disco.  I refer to this period in my musical life as K-Car country.  We had a powder blue Chrysler with an AM/FM radio *and* stereo cassette, the first time we rolled in such luxury.  My mom went crazy buying cassettes, and as ever, the radio was always on in the house.  Highlights included [Swingin'](http://www.youtube.com/watch?v=07_rnlBezQg&amp;feature=kp) by John Anderson, [I Love a Rainy Night](http://www.youtube.com/watch?v=ebt0BR5wHYs) by Eddie Rabbitt, and [Common Man](http://www.youtube.com/watch?v=woWzNRIBEcI&amp;feature=kp) by John Conlee.  I spent a good portion of the 2 decades following this time listening to anything but country, but this stuff stuck with me.  When I picked up a guitar and found my voice it was alt country that came out.

**10:**

By this point I had my own radio in my room.  I would stay up past my bedtime and listen to the ""Top 10 at 10"" on the local AM top 40 station, and I would vote by telephone daily after supper (seriously, as I write this after reading iPod reminisces I just shake my head...)

Hair metal was at it's height around this time and I was an avid listener.  I was 10, it's not my fault.  Bon Jovi, Poison, Warrant, Motley Crue and Guns and Roses.  My mom took one look at the inside sleeve of the [*Appetite for Destruction*](http://jamesostafford.files.wordpress.com/2013/01/appetite-1.jpg) cassette and made me throw it out, too suggestive for my fragile mind.  It was my first true understanding of the rebellious potential of rock music.  I was hooked.  

Although, because I was listening to top 40 radio I was still being exposed to pop and dance songs.  [Faith](http://www.youtube.com/watch?v=6Cs3Pvmmv0E) by George Michael was everywhere on the radio at this point.  A lesser known gem from this era was [Wishing Well](http://www.youtube.com/watch?v=n2Nd_lS9Kcs) by Terence Trent D'Arby. Still one of my favourites from that time.  

**15:**

CDs had started to take over as the dominant format by this time.  Those of you who are a little older will remember Columbia House record club.  For those who don't it was essentially a low cost clearing house where the record labels sold their back catalogue at a deep discount.  You would sign up and get 10 CDs for next to nothing, agree to buy 5 or 6 more in the next 2 years at a slightly inflated price and cash out.  I did this many, many times.  My exposure to classic rock was greatly increased because Columbia House was so weighted to older titles.  I became a completist with my favourite artists.  If I liked one of their titles I got everything.  My peer group at this point was also heavily into classic rock so we breezed through all the usual suspects: Zeppelin, the Who, the Beatles, etc.  

But the grunge era was also in high flight by this point.  I was into the main players like Pearl Jam, Nirvana and the like, but grunge served a much more important function for me.  My eyes were opened to fact that there was all kinds of great music that didn't get played on the radio or the music video channel.  [Glamourous Glue](http://www.youtube.com/watch?v=80sbKxPXzKw&amp;feature=kp) by Morrissey, the entire album of [*Tim*](http://www.youtube.com/watch?v=mrjims9vLRo) by the Replacements and [American Music](http://www.youtube.com/watch?v=8JWJoMB0fx4&amp;feature=kp) by the Violent Femmes are the first things that come to mind for stuff I really liked at this age.

**20:**

At this point I was in university and of drinking age so I was out seeing live music as often as possible.  Music dominated my life in every way.  I was constantly seeking out new bands and sounds and my tastes expanded in every direction.  I was barely listening to the radio at all and most of my recommendations for new stuff was coming from friends and internet message boards.  

I started exploring the classics of jazz.  For a six month stretch I was listening to [*Kind of Blue*](http://www.youtube.com/watch?v=PSUUFduCdRE) every night as I went to bed.  I still feel an involuntary relaxation when I hear the start of ""So What"".

I was also heavily into punk at this point.  Mostly my local scene but also acts like Face to Face and Rancid.  [Disconnected](http://www.youtube.com/watch?v=-SjfKXPMHLM&amp;feature=kp) by Face to Face was always guaranteed to fill the floor at a show between bands.

I was also just beginning to discover alt country.  *Mermaid Avenue* a collection of unrecorded Woody Guthrie lyrics put to music by Billy Bragg and Wilco came out around this time.  [California Stars](http://www.youtube.com/watch?v=nhm27uXG6bg&amp;feature=kp) was one of the first songs I learned on guitar, and started the fire to put my own thoughts and feelings to music.

Awesome idea OP, nostalgic fun.  I'll do a mental review of my own 25, 30, 35 too...",reaction,
"Bands/Musicians you want to like, but don't. Basically bands that you feel compelled to like, but no matter how much you try, the appeal is completely lost on you.

Mine:

* **Raveonettes** A really poorman's version of The Jesus and Mary Chain, yet I still check out their newer stuff in hopes it'll eventually be quality.

* **A Place to Bury Strangers**  Kind of the same as above. I see the appeal, but it doesn't really seem like there's much to them beyond being influenced by The Jesus and Mary Chain's ""Just out of Reach"" (to the point where they covered the track!). Hell, even their cover of Love and Rockets' ""The Light"" sounded like Just Out of Reach! I don't dislike the band, but it kind of wears thin after a while.

* **Grouper** Like a really boring version of [Flying Saucer Attack](http://www.youtube.com/watch?v=hiCatF0Coz8) dronier material. I was also more annoyed that [Roy Montgomery's portion of his split with Grouper](http://www.youtube.com/watch?v=R02B596uS6k) did not receive more attention. I check out her stuff still, but there's just not much too it, IMO.

* **A Perfect Circle** Eh, Tool-lite. I like some of the tracks, but it feels like a consolation prize for having to wait 5+ years between Tool albums.


* **M83** Not bad, just very thin-sounding, IMO. The ""Lost John Hughes Film Score"" sound they have now just kind of strikes me as odd and not enough of it really sticks out.

* **Explosions in the Sky**. IMO, they were Mogwai/GYBE! for those with ADD. It seemed like their main draw (circa 2001, anyway) was that they were GYBE!'s epic feel, but at half the running time. As much as I love GYBE!, and to a slightly lesser extent Mogwai, I find all the bands they influenced to be completely boring as shit.

* **Sigur Ros** to be fair I haven't checked them out since Agaetis Byrjun, but the vocals really annoyed me. I see the appeal, but I can't really get past the vocals otherwise. **NIN** is an either you like it or you don't prospect. I still like it, even if the teen-angsty lyrics don't really speak to me anymore. Though I contend Pretty Hate Machine is an awfully dated album that gets way too much love.

**The Flaming Lips** might depend on which era you're listening to as they've gone through quite a bit of changes.

**The Beatles**: if you think they're some poppy boy band and you don't know anything beyond Love Me Do... it's because you don't know any of their latter work, which is where their legacy is truly cemented. I won't claim that all their material is genius, but I would say tracks like [Tomorrow Never Knows](http://www.youtube.com/watch?v=6a3NcwfOBzQ) are ahead of their time even today. I'm under the impression that a lot of the people who dislike the Beatles either only know of pre-Rubber Soul Beatles or don't understand the band's impact.",analysis,
"Lets talk The Raveonettes This band has been sitting in my music library forever, and I by chance decided to give them a listen, and really enjoyed what I heard. I've liked bands like Alcest for a while now, but never really got into the whole shoegaze thing, but this band is turning me that direction.

I really enjoy the variety of the male and female vocals, and I like how their songs sound so similar, yet so different; on Raven in the Grave, for example, the guitar in Recharge and Revolt is so clashy and sharp, and Forget That You're Young could be a lullaby. Yet, they're still very clearly the same band playing the same style.

What do you think of them, LTM?  That song in particular did sound a lot poppier and less shoegaze-y than the music I listened to. I have their two most recent albums, Observer and Raven in the Grave, which both sound much noisier and hypnotic to me, although I see this particular song was only on the album just before those. 

Are all of their older material more like that song than the newer music?",opinion,
"Your Top Five Favorite Musical Moments  These are in no particular order they probably mostly reflect what I've been listening to recently. 

* Help Me Lose My Mind - Disclosure. This song was just the perfect palate cleanser when you listen to the whole album. There was this short moment during the last chorus around
2:55 where they break into the second part of the chorus and its led in by what sounds like a diddle (drummer term). Its so subtle but I just heard it and it made it stupid happy, 
no one really thinks of just doing that and especially picking a completely different snare drum just for that purpose. I'm not sure which of the brothers is the percussionist but dammit if he doesnt have an amazing ear for those different tones and textures. 

* Warrior - Yeah Yeah Yeahs. The song has such a gradual build up you don't even notice it. But its this moment when Karen sings that her voice cracks in 1:52. I'm not sure what 
i was doing but that just hit me like lightining. i replayed the song and it was still as mystifying.

* A Song for the Dead - So many to choose from in this song. If it had to be one its that break in 5:09. Its as if the whole song your driving this big ass muscle car that could just fall apart at any given second. The whole car just comes to a screeching halt, like speeding through a neighborhood and stopping at a stop sign. then it just blast off again even faster as if it were possible. Also being a drummer this song just makes me lose it.

* Up Tight - The Hives. The whole song has a constant feeling of a build up even though it doesnt seem to move anywhere; in a good way. But right near the end at 1:55 the singer Pelle screams OHYEAH and BLAM the whole song just explodes with distortion and yes instant face melt. 

* Wife is Calling - from the SoundCity Soundtrack. I know its just like the intro to another song from Fear but this intro just kicks off into fuck yes. I hear that and i just want to kick a door down and smash a guitar instantly.",analysis,
"Falling out of Love with the Flaming Lips [AV Club article](http://www.avclub.com/articles/falling-out-of-love-with-the-flaming-lips,81348/)


what say you? I agree to some extent: I think a lot of Flaming Lips' post-Embryonic work has largely been of the ""just fucking around"" type that holds no interest to me. The Dark Side of the Moon remake was just kind of pointless, I didn't bother with the 6 or 24-hour long songs, and some of Heady Fwends just kind of feels like it exists solely as an Idea (i.e. ""Flaming Lips team-up with Crappy musicians like Ke$ha. That's the joke."") rather than an actual collaborative effort.

That said, I disagree with the author's view on a couple things:

* I think Embryonic is a transitional album, but an otherwise consistently interesting one that surprisingly works fairly well for its length. 

* Outside of the Ke$ha collaboration, I think Heady Fwends works a lot better than I would've thought; with the Erykha Badu tracks being one of the highlights (to the point where the 2 tracks after her track are pretty unremarkable. Though the digital version has a different track at the end.) I'm also pretty sure that most of the songs were written before any of the guests added their contributions.

* I can understand being let down by the spectacle of the Flaming Lips live shows, especially since they've been doing a fairly identical schtick for going on a decade now, but I enjoyed them when I saw them back in 2009. I think the only thing I disliked was that it contained some of the most obnoxious concert-goers.

So though I'm ambivalent about some of their fucking around, I'm still looking forward to whatever new album comes out. I said basically the same in the comments to the article, but I think Embryonic was a good reinvention that made them seem like a interesting creative force again. And really, if they're going to dick around with throwaway ideas, surely it's better they do it in the form of little EPs and so on instead of making a 'proper' album full of messy experiments?

It felt like they were treading water a bit with Mystics, so I quite enjoy the spontaneity of what they're doing now. They've made enough great music over their long career that I'm happy to give them the benefit of the doubt for now.",analysis,
"What do you think about this potential exploit in the music industry? (x-post r/AskReddit) * There are only so many 4 chord progressions out there in music, as they reappear again and again like the ever popular 1 5 6 4 progression.

* Thanks to [The Axis of Awesome](http://www.youtube.com/watch?v=oOlDewpCfZQ), this knowledge became further publicized.

* What this means is that potentially, you could just change the lyrics, key, and the style of the song and call it original (not a cover or a remake).

* Now this becomes almost impossible to detect when you change the language of the song and therefore the audience.

* Take a listen to the following two songs: [One Headlight by The Wallflowers](http://www.youtube.com/watch?v=Zzyfcys1aLM) and [Blue by Big Bang](https://www.youtube.com/watch?v=2GRP1rkE4O0).

* I'm not saying that one copied the other, but what amazes me is that they sound incredibly similar- in progression, key, and lyrical theme- and yet [internet](https://www.google.ca/search?q=One+Headlight+The+Wallflowers+Blue+Big+Bang&amp;rlz=1C1CHFX_enCA529CA529&amp;aq=f&amp;oq=One+Headlight+The+Wallflowers+Blue+Big+Bang&amp;aqs=chrome.0.57j60.11115j0&amp;sourceid=chrome&amp;ie=UTF-8) does not reference these two songs together.

* I mean, this method/idea of changing the language of a song to make it original could easily be exploited in the music industry.

*  Flight of the Conchords' [Doggy Bounce](http://www.youtube.com/watch?v=The4rh1NwYw) made use of this idea as a joke, but in the real world, these exploits are much harder to identify and verify.

* [Sounds Just Like](http://soundsjustlike.com/) is a website that archives fan submitted similarly sounding songs (whoa, alliteration), but is limited to English music.

* In a more recent culture, dance songs in particular are emerging with songs with specific formulas and many dance pop songs have the same bpm with a generic ""drop"".

* For example, take a listen to this mash up of [PSY's Gangnam Style and LMFAO's Sexy and I Know It](http://www.youtube.com/watch?v=SnRzgS50IRM).

* Again, I'm not implying that one of was a copy of another but doesn't this idea bother anyone?

**EDIT**: Guys you're missing the point. I'm not saying that reusing the same chord progression bothers me, it's that it completely goes unnoticed when you change the language. Sure, a song becomes original with unique lyrcal content, riffs, atmosphere, and etc and not based on the chord progression, but think about how two songs that are nearly identical but just in different languages could easily go unnoticed. I like that good music isnt popular. Anything that gets popular gets turned to shit eventually. So I'm happy that pop music is easily likable. For one, I'm not going to judge people that are too busy to become music heads, what I listen too is for me alone really at that point. Nobody is going to rip my headphones away lol. 

And its cheaper the less people know about it.",analysis,
"Lets Talk: Light Shows, Lasers, and Live Music Performance This has been on my mind for a few years, and I'm not quite sure what to think.  
  
I think it's pretty plain to see that there's been a huge explosion in visual experiences for music concerts.  Lasers, massive LED screens, custom fixtures, full on ""Audio/Visual"" tours etc.  There's even some acts that I would argue are known just as much (if not more!) for their light shows than they are for their music.

I like to look at blinky lights as much as the next guy, but something about this is disturbing me - the way I'm beginning to hear people talk about some of these shows, it's like the music is almost an afterthought.  For many concert goers these days, it seems like it's all about the spectacle.  That's fine, but I think that's what artforms like film and theatre are for.  Cirque du Soleil comes to mind.  

The worry for me is that as shows become more of a multi-media performance, that people are forgetting that the music is what should be important here!    
  
Maybe I'm just being a curmudgeon, I don't know.  Maybe my thinking is just close-minded hipster like pining for the ""pure"" old days. What do you think? to add on to the ""done well"" examples: i'd like to point out that as early as 1971, iannis xenakis composed ""persepolis"" for the shah of iran to celebrate the founding of the eponymous city. it was accompanied by an apparently extraordinary display which included a light show (comprised of lasers and mirrors) and  ""a procession of children and flaming torches"". considering that ""persepolis"" is probably my favorite musical piece ever, i hardly believe that the performance aspect detracts from it. indeed, one can easily see how xenakis used it to enhance the chilling, otherworldly effects of the music. 

mixed-media exhibitions are certainly not going away, and while they may all not be up to par, i think they also have huge potential for artistic expression and creativity.",analysis,
"Do you think when an artist stays in the same band for their entire career it helps or hurts their overall creativity?  Definitely hurts the creativity side of things, working with new people really changes things up. 
But a lot of it is just as influenced by the people themselves, and what they want to do. Somebody creative will be more likely to experiment with new bands, someone who was gonna stick to the status quo is more likely to keep themselves in positions where they can do exactly that.

My favorite example is probably Alex Turner and the Arctic Monkeys. I mean, their debut came out just in 2006, and since then, they've released 3 (mostly) very different records, most notably, Humbug (with producer Josh Homme). Then Alex Turner has also worked with Miles Kane (The Last Shadow Puppets) and done a solo EP (Submarine). All of which, by the way, is brilliant - from the first single I Bet You Look Good on the Dancefloor to R U Mine? (Ignore the shitty title, its fucking great)

They've changed significantly in almost every album from their sound to lyrical themes (maybe with the exception of Favourite Worst Nightmare which is my least favorite), and with them having toured with The Black Keys, I'm expecting to hear some of that in their next work.


The opposite (yet still on the scale of 'Bands I Like' is Oasis. Anyone heard Noel Gallagher's solo album? or Beady Eye (Oasis minus Noel)'s Different Gear Still Speeding? They sound like Oasis (not a bad thing), yet still a band who had had 5 or 6 great albums worth of ideas spread out through 8 (including B Side compilation, The Masterplan). After their split, one would expect they try differentiate themselves as much as possible, for each side to show their creativity without the other. And in different situations. But they haven't (yet).

I guess what I'm trying to say is that in a certain sense different bands will push creativity, but its the creative person who really decides this, and puts themselves into new situations. And a creative person (Alex Turner) will change or modify things to create change in the same situation, whereas Noel Gallagher, will not. 

(Although it should be noted somewhere, like in this sentence, that Noel Gallagher was in fact planning to release a collaboration with Amorphous Androgynous, AKA...The Future Sound of London, very experimental electronic music, whether that will ever be released is a different story)",analysis,
"Bands/Musicians you want to like, but don't. Basically bands that you feel compelled to like, but no matter how much you try, the appeal is completely lost on you.

Mine:

* **Raveonettes** A really poorman's version of The Jesus and Mary Chain, yet I still check out their newer stuff in hopes it'll eventually be quality.

* **A Place to Bury Strangers**  Kind of the same as above. I see the appeal, but it doesn't really seem like there's much to them beyond being influenced by The Jesus and Mary Chain's ""Just out of Reach"" (to the point where they covered the track!). Hell, even their cover of Love and Rockets' ""The Light"" sounded like Just Out of Reach! I don't dislike the band, but it kind of wears thin after a while.

* **Grouper** Like a really boring version of [Flying Saucer Attack](http://www.youtube.com/watch?v=hiCatF0Coz8) dronier material. I was also more annoyed that [Roy Montgomery's portion of his split with Grouper](http://www.youtube.com/watch?v=R02B596uS6k) did not receive more attention. I check out her stuff still, but there's just not much too it, IMO.

* **A Perfect Circle** Eh, Tool-lite. I like some of the tracks, but it feels like a consolation prize for having to wait 5+ years between Tool albums.


* **M83** Not bad, just very thin-sounding, IMO. The ""Lost John Hughes Film Score"" sound they have now just kind of strikes me as odd and not enough of it really sticks out.

* **Explosions in the Sky**. IMO, they were Mogwai/GYBE! for those with ADD. It seemed like their main draw (circa 2001, anyway) was that they were GYBE!'s epic feel, but at half the running time. As much as I love GYBE!, and to a slightly lesser extent Mogwai, I find all the bands they influenced to be completely boring as shit.

* **Sigur Ros** to be fair I haven't checked them out since Agaetis Byrjun, but the vocals really annoyed me. I see the appeal, but I can't really get past the vocals otherwise. Yeah, I've listened to OK Computer all the way through multiple times. They are just completely uninteresting to me.",analysis,
"explain your customized user tag We're all obviously here because we love music and wish to discuss it, so lets discuss our customized user tags. If you're tag has a music related reference, lets hear about it. If your's does not, your opinions and comments about others are still valid.

I'll start: My tag ""one of us cannot be wrong"" is the titled of a Leonard Cohen song from his first album ""The Songs of Leonard Cohen"". Not only is that entire album awesome, but its packed full of emotion and clever wordplay.

Its a song that can almost move me to tears and has started several drunken sing-a-longs with my buddies. I've heard its about the singer Nico.

Not only is the original version awesome: [Leonard Cohen](http://youtu.be/iels3GLw-zs), 
but so is this version by the group [Harvey Milk](http://youtu.be/pToNdH3GOjQ),
and here's a version by [Beck's Record Club](http://youtu.be/Jvp2Yoc06Hg)

Tell me about your tags! There are no boundaries to the styles of music that I am willing to explore and I believe that music should push every boundary that restrains it. Fuck boundaries.",opinion,
"What are your favorite live albums and why?  My top three would be: 

1) Pink Floyd, ""Pulse."" The quality of musicianship from the band (especially David Gilmour) is astounding. One of my favorite albums to put on while I'm reading or doing homework to break up the tedium. 

2) Alice in Chains, ""MTV Unplugged: Alice in Chains."" There's a very haunting and depressed quality to this recording. I love the dark atmosphere and solid performances from both Layne Staley and Jerry Cantrell.

3) Nirvana, ""From the Muddy Banks of the Wishkah."" I know Nirvana is generally disliked on this subreddit, but I love the raw energy and upbeat nature of this record. Also, Kurt's guitar playing and singing is 
uncharacteristically good compared to their other live performances.  I like this one a lot!

1.Roy Orbison - Black and White Night. He's got an all-star backing band (Tom Waits, Elvis Costello, Bonnie Raitt, K.D. Lang, Bruce Springsteen, T. Bone Burnett, and the list goes on...) and he plays his best songs. Even if he had a no-name shit band, he'd still be rocking out a flawless retrospective live show!

2. Les Claypools' Frog Brigade - Live Frogs Set 2. Claypool and Company cover the entire Pink Floyd Animals album. Its almost a perfect rendition except for a few signature tweaks. If you like Animals and anything Claypool related, there's no reason to dislike this live album.

3. MC5 - Kick Out the Jams. It delivers just what it intended on. Loud and Live motor city sound!

4. Simon and Garfunkel - Live From New York City, 1967. Aptly captures their intimate yet powerful sound at a time when they were just about to reach their artistic peak. Simply beautiful when listened to after midnight.

5. The Residents 13th Anniversary Show, Live in Japan - They perform with Snakefinger a powerful mixture of their odd work. Its really exciting to listen to a song that sounds completely foreign and realize its a live reworking of a song from their back catalogue.

6. Neil Young - Rust Never Sleeps. If you like Neil Young, there's no reason this wouldn't be an ideal live album. You get to hear every side of Neil's music on this; the feedback'd loud songs are contrasted with beautiful softer songs like ""Pocahontas"".

7. Lou Reed - Rock n Roll Animal. The super built up guitarwork, with that super chorus sound to it guides the listener through some of Reed's weaker vocal moments. Its magical and drugged out, and eerily polished all at the same time.

8. The Who - Live at Leeds. Duh. Just listen to it you dummy!

Honorable mentions: Johnny Cash - Live at Folsom Prison (or San Quentin, whichever you prefer) Talking Heads - The name of this band is the Talking Heads, David Bowie - Santa Monica '72, Frank Zappa - The Best Band You Never Heard In Your Life",opinion,
"I think people should give early Beatles another chance I hear a lot of dismissal of pre-Rubber Soul Beatles as mindless pop music that is clearly inferior to mid to late period experimental Beatles. While the lyrics of their early songs are all dealing with love and that can get very repetitive, they accomplish a lot musically. As you get further into The Beatles career the band starts to split apart (they sort of start sounding like they will in their solo careers). In their early days you get to see them as a tight unit with a gift for rhythm, melody and harmony. This is a time when Lennon and McCartney actually did collaborate a lot rather than just their names appearing together in the songwriting credits. I generally prefer mid-period psychedelic Beatles but I have found myself appreciating those early albums (if only because I haven't overplayed those to death). Also it is pretty experimental (for pop music at the time) just in more subtle ways. So I implore people to give early Beatles (and early rock n' roll) another chance. Not everything needs to be concept albums and weird time signatures! The most lauded pop group of all time needs more praise.

Some great songs from the early days:

[What You're Doing] (http://www.youtube.com/watch?v=F-75xwiT99Q) This song is amazing!! It has that awesome 12-string guitar riff that The Byrds would end up practically defining their early sound around.

[Any Time at All] (http://www.youtube.com/watch?v=GD95QaVTH1U) The intro to this song is fierce. The middle 8 is a bunch noise and piano chords. Great stuff.

[I Feel Fine] (http://www.youtube.com/watch?v=V_BjqTrGf2g) Some great guitar playing and harmonizing on this song. Also first instance of recorded feedback. 

[Tell Me Why] (http://www.youtube.com/watch?v=tmtaw0fr0xI) I love how loose this song sounds. Also amazing harmonies.

[There's a Place] (http://www.youtube.com/watch?v=PHED4QKyqgQ) The harmonica sounds amazing on this track. Also Paul and John sing their hearts out. 


 I don't know about that.  A large portion of their songs (before Help!) were covers, from revolutionary artists that came before them.",analysis,
"Bands which are considered ""One Hit Wonders"" but IYO had more than just one great song. I'll start with Crowded House. This Australian/NZ combo is best known for their big international hit [Don't Dream It's Over](http://www.youtube.com/watch?v=J9gKyRmic20), but they've released 6 albums with amazing variation in their material. From [Fall At Your Feet](http://www.youtube.com/watch?v=82JZh3VyE2M) and [Locked Out](http://www.youtube.com/watch?v=Y9oP8jfhOes) from before their breakup to their post-reunion material like [Saturday Sun](http://www.youtube.com/watch?v=S49d0JaRu1k) they're just such an amazing pop band. I would also be remiss if I didn't mention  Neil Finn did an amazingly moving version of the Crowded House classic [Better Be Home Soon](http://www.youtube.com/watch?v=ps-NiTtb6x4) at the 2005 Arias (the Australian equivalent of the grammys) to honor the original drummer of the band, Paul Hester who died in 2005. I've heard people refer to Faith No More as a one hit wonder. I no longer trust these people's opinions on music.",opinion,
"Let's talk: The Doors I've noticed that The Doors don't get as much attention on Reddit as bands like The Beatles, Pink Floyd, Led Zeppelin, Jimi Hendrix, etc. and I'm wondering what you guys think of them. I've only listened to The Doors, Strange Days, LA Woman and Morrison Hotel and am a huge fan of them. I haven't gotten around to listening to their other albums because I've heard they aren't very good. 

So what do you guys think of The Doors? Any fans of them on r/LetsTalkMusic? I like to view the doors in three ways. First, you have the music. They covered A LOT of ground. But most of all, there weren't so many internal tensions, they all really loved each other, and got very excited playing music with eachother, which is evident in their sound. They have crafted their own unique mesh of different genres. Second, you have Morrison. While I agree, his lyrics are pretentious sometimes, but he had some good lines in there. But I don't see this as his strength, I see his power in performance art. Granted, I've never seen a Doors concert, but you can read the multiple recollections of fans, and their peers saying that it conveyed a sense of mysticism and spirituality in the energy of the show. Some would say from the LSD, but I just believe Morrison had a really amazing, tight band behind him, and acted upon it. He knew what he was doing. Who knows, Morrison is a mysterious character. Some would call him a poet, others call him a drunk. Either way, he left of with a piece of something, something very alive. Third being, that when these are meshed together, they just form an amazing experience and energy. The music is great on its own, but Morrison adds a real gritty feeling to it all, but then he can sound poetic and sophisticated. 

Overall, I love the doors. I think they are underrated in musical terms. Many people consider them over rated based upon the Jim Morrison figure. But if you delve deeper, you uncover a lot of gold. 


My personal favorites are, The Soft Parade, Roadhouse Blues, the End, Peace Frog, When the Musics Over... I'm too ript to remember much right now. But they have a lot of gems. Too wrap it up, I listen for the music, but I stay for the good vibe they sound out with Morrison attached to it all.",opinion,
"Should the original production on an album remain a reflection on its conception and a part of the music, or should it be under the scrutiny of remastering? Since nowadays the remastering and reissuing of albums is an extremely common occurrence, I often find myself questioning the whole notion of remastering. Specifically, whether music should be remastered to improve upon itself and reach new potentials, or whether it should remain more like a piece of art and a reflection of its original conception, subsequently a part of the music itself. I understand that this idea could easily be seen as case specific, but there are general inclinations either way.


For example, the song [Bad Girl](http://www.youtube.com/watch?v=wMHrtedWtfA) by Smokey Robinson and the Miracles certainly presents a less than perfect production. However, let's say a miraculous remaster came about that had clarity and everything was mixed to perfection, would it necessarily be a better song? (I understand there isn't a remaster to compare this to) Personally, I would be more inclined to think that I would prefer the original, since the production gives the song a certain character and aged sound, situating it in an era where quality in production hadn't reached its apex. What I'm trying to say is that it gives it more atmosphere.


However, this could well be seen as over romanticising the issue. Surely if we could hear a digitally remastered version where each channel was clear and everything could be heard in balance with everything else, we would be able to appreciate more and it would make for a better song?


So yeah, I could give more examples but I feel I have rambled on. I guess my question is:

**Should the manner in which an album/song was produced be preserved?** 

**Should it be treated as an aspect of the music itself and a reflection upon the conception of the music?** 

**Or, should music be under the scrutiny of remastering and at any chance of improving production, should production be improved?**


Give any examples you want to of songs that benefit from remastering, or benefit from no remastering, etc

Ps. yes I am aware reissues, remasters and re-recordings are often done for monetary reasons, though this is a discussion of other elements It depends. Take as an (extreme) example a band like Guided By Voices where the production is intentionally muddy. If it was remastered right, it would retain the muddy sound but make everything ""pop"" a bit more. I think as long as it enhances the music within the constraints of the original version's vision it's fine.",analysis,
"Let's Talk: Vampire Weekend Vampire Weekend are a band that has had great success both critically and commercially, and yet many of the ""serious"" music fans I know (people who actively seek out new music, read music blogs, frequently attend concerts, etc.)  seem to hold a grudge against them. I too used to sort of write them off as an overrated band with so-so pop songs, but the more I heard people discussing them there seemed to be sort of a cultural component to the hate for them as well.  For those who don't know, they are four guys who started a band in their dorm rooms at Columbia University in New York in 2006. In 2007 they gained a lot of buzz for their single [""Cape Cod Kwassa Kwassa""](http://www.youtube.com/watch?v=f5ksJ7TN2xA) and in 2008 released their eponymous debut which went on to general acclaim and album sales of over 500,000.  However they also got a lot of flack for their perceived image of preppy, spoiled, (mostly) white rich kids with ivy league degrees (some even criticized their drawing of inspiration from afropop music for a variety of reasons, primarily that they had no relation or understanding to that music's cultural significance).  Pitchfork media writer Scott Plagenhoef said about their lyrics: ""...detail-heavy, expressive; too bad they're images of wealth instead of poverty, otherwise they'd be critical manna.""  for a more in depth examination of the sort of criticism they received, here is a [village voice article on them from 2008](http://www.villagevoice.com/2008-01-22/music/please-ignore-this-band/) around the time of the release of their first album.  

  In 2010 they released Contra, an album that amplified their signifiers such as hyper literate lyrics, and ""stealing"" sounds from a wide range of styles (no longer just afropop), but also provided more of a narrative arc to discuss the place that class has in our relation to art (particularly punk and rock and roll), how much the upperclass should take their own fortunate circumstances into consideration when faced with day to day life and comparatively small ""first world problems"", and a variety of other things.  Contra for me is what got me to start liking them more, because it was incredibly smart, catchy, and was, in my opinion, the perfect response to all their critics. It reflects a lot on why we separate ourselves into groups based on stuff like class and what, if anything, those tags really mean.  Their new album, Modern Vampires of the City, is out May 13th/14th and lead singer Ezra Koenig has said it's the finale to a trilogy of sorts, their debut and Contra being the other two albums included.   

 What are your guys' thoughts on Vampire Weekend? 

 How much should their image play a role in our perception of what they have to say? 

 They've sold over a million albums, which feeds into the question of can privileged people ever be considered a victim when their positives outweigh the negative? Rock and Roll has historically been tied to rebellion and overcoming struggle-- is there a place in rock and roll for artists who not only come from privileged backgrounds, but where that background at times is directly tied into/evident in their music?

Did Vampire Weekend indeed pillage and cheapen a unique cultural sound, or was their inspiration by it just as legitimate as any other artists?  

Are they actually a culturally important band, or are their critics right in writing them off?


  Hopefully this was coherent, I've only really started exploring them as a band in depth these last few days and was wondering what other people's thoughts were.  Obviously, some people simply don't like their music for reasons totally beyond their image or lyrics which is fine, obviously, but I think they seem to be very divisive amongst listeners and make for great discussion because of that.  Also, sorry that this was really sort of rant-y. I'm not sure if it is all that coherent, so I may go back to edit and make it more succinct and such if the need arises.  

  Some of their songs:  

[Oxford Comma](http://www.youtube.com/watch?v=P_i1xk07o4g): A song that actually criticizes elitism through grammar/language snobbery, but was/is often misinterpreted as them being grammar/language snobs themselves.  

  [Taxi Cab](http://www.youtube.com/watch?v=kHljPP-4Z4g): a song from Contra that deals with whether or not the guilt that comes with privilege is similar to a distrust/dislike for the privileged (""you're not a victim/ but neither am I""), and if any of it is justified at all (""But I know that I was never fair/ You were always fine"").  

  [Horchata](http://www.youtube.com/watch?v=7k7ueRrKRmo): one of their more ""pop"" songs that some critics used to argue against them based on sound/composition and lyrics.

  And the two singles from their new album, [Diane Young](http://www.youtube.com/watch?v=mX46e4GtlXM), which i think is a good example of them broadening their sound while still trying to make intelligent pop music, and [Step](http://www.youtube.com/watch?v=_mDxcDjg9P4), which I think includes some of the best lyrics Koenig has written. Ok putting it that way makes a lot more sense. I feel like the word ""understandable"" implied to me that s/he agreed with the hate. I definitely understand how it might turn some people off of the band, but I think extrapolating that to saying they're a *bad band* is unfair.",analysis,
"Let's Talk ""White Privilege"" in Hip-Hop So, the other night, as many of you know, Macklemore and Ryan Lewis won a Grammy for best Hip-Hop album.  The controversy in this stems from the fact that many hip-hop fans don't view The Heist as hip-hop, and view Kendrick Lamar's Good Kid m.A.A.d City to be a modern classic.    After the award was announced, a cascade of accusations of racism rained down on the Grammy's.  Many people view Macklemore's popularity a result of he and Ryan Lewis being white.  But, is it fair to say that mainstream America, and even the Grammy's are racist based on Macklemore's success?  I don't really think so.  

Let's start at the beginning.  It's very well known that Rock and Roll started as a predominantly black music genre.  It had its roots in soul and the blues, two genres popular with black people.  It wasn't until Elvis came along and made the genre mainstream that white listeners began listening.  Many blacks viewed this as an appropriation and exploitation of their culture.  

Now onto hip-hop.  Hip-Hop, much like rock and roll, has its roots in predominantly black genres, soul and funk.  Hip-Hop quickly became the voice of the urban crowd in the late 70s.  In the 80s, hip-hop exploded in popularity while groups like Public Enemy continued the message of the urban struggle while keeping the memory of the appropriation of rock and roll in their mind (Public Enemy explicitly called Elvis a racist in Fight the Power).  Hip-hop remained a predominantly black art into the 90s (most white rappers were viewed in the public as novelties.  People like Vanilla Ice, Marky Mark, and House of Pain weren't really considered ""real hip-hop""), until Eminem released The Slim Shady LP and the Marshall Mathers LP at the turn of the millennium.  

Now you may be asking what the point of this history lesson is.  It's to show that no one disagrees about the roots of hip-hop being in black culture, but people do disagree on the place of white people in hip-hop.  A few months ago Lord Jamar, a very old school emcee turned actor, garnered controversy by saying that white people were guests in the house of hip-hop.  He did not say that white people were unwelcome, just that they will never truly be the same as a resident in the house of hip-hop.  While many black personalities including Hopsin and Charlemagne tha God called Jamar's comments racist and stated that white people were welcome in the hip-hop world, that's not the point.  Lord Jamar basically said that hip-hop is at its core, rooted in black culture.  This is something that RA the Rugged Man, a white rapper, agreed with.  Hip-hop is a black art form, and no one has a real problem with white people that make traditional hip-hop music (EL-P, Aesop Rock, RA the Rugged Man).  A lot of people have a problem with ""gimmicky"" white rappers in the mainstream.  A lot of people hated Mac Miller when he came out because he was nothing more than a weed rapper.  No matter how much music he knew (he actually taught himself how to play the piano, guitar, drums, and bass), he was viewed as a gimmicky white rapper (I say viewed because Watching Movies with the Sound Off, his new album is a much more mature album).  The same can be said for people like Asher Roth.  They're rappers, but they aren't making traditional hip-hop.

And finally we come back to Macklemore.  One of the Macklemore's songs is called ""White Privilege"".  In this song Macklemore contemplates his place in hip-hop as a white rapper.  He discusses Elvis and the appropriation of Rock and Roll, Eminem and black culture in hip-hop, and the culture gap between himself and the urban crowd.  In short, Macklemore questions whether or not he'll ever be anything more than just another ""White Rapper"", but I don't think that all white rappers are ""White Rappers"".  I can't really think of anyone referring to people like EL-P or RA the Rugged Man as white rappers, just rappers.  These rappers are respected members of hip-hop that just happen to be white.  While race may always play a role in anything cultural, its importance is greatly overestimate, in my opinion, in modern hip-hop.  I am an 18 year old high school student, and most of my friends that aren't really into hip-hop listen to just as much Drake and Tyler, the Creator as they do Macklemore and Eminem. 

So if race doesn't explain Macklemore's popularity, or the fact that most of his fans are white, what does.  Well for starters on popularity, Macklemore doesn't really give himself enough credit.  Macklemore recorded his first music in 2000 when he was 16.  He met and first started working with Ryan Lewis in 2006.  That's about 12 years of making music, and 6 years of making music with Ryan Lewis before he blew up.  Both Macklemore and Ryan Lewis have been putting in their dues in the Seattle Underground for quite sometime, and it's a disservice to himself for Macklemore to downplay that.  It's also hard to deny that both Macklemore and Ryan Lewis are just talented.  Ryan Lewis is an excellent producer and Macklemore's delivery is very catchy.  This brings me to my final point: they make catchy pop music.  I kind of view them to hip-hop as to what Taylor Swift is to Country.  They're not bad, they just make more poppy songs that the mainstream can jam to.  Add in some progressive themes like homophobia, racism, and consumerism, and you've got the perfect formula for success with the white college-crowd.  

TL;DR The Grammy's and mainstream America aren't racist; they just don't know hip-hop.  While hip-hop is a deep part of black culture, the presence of many white rappers is not a sign of exploitation or appropriation.  Macklemore is popular because he makes pop songs, not because he is white.


EDIT: I guess my perception of Action Bronson and the Beastie Boys were a little off base.  My bad


  I would politely disagree with your Elvis paragraph.  MJ wasn't appropriating white culture when EVH played on thriller because the guitar virtuoso was already prominent ""black music."" EVH is a popular figure in rock, and the status of EVH as a prominent white musician could have been a marketing ploy, or even one of convenience. Additionally, no, black people weren't appropriating white culture when they played ""western instruments"" because there were analogous instruments that existed in W. Africa (see Hornbostel-Sachs).  You take black folks out of africa, give them instruments that kinda look like ones they used before, and this leads to the synthesis later found in in jazz, blues and rock.",analysis,
"Pink Floyd - The Wall I just listened through the album for the first time. 

I am feeling horribly empty. The reverb, the echoes, the static of the TV, the distant hazy voices, the sheer desperation... this is a devastating album, but epic in a microcosmic sense. Universal, yet subjective. Everyone has their own mothers and walls. 

Disc 1 chronicles the bricks, the slow descent of sanity and ascent of the wall. I was listening to [""Mother""](http://www.youtube.com/watch?v=gmmKzEKYvdM) when I realized Pink just wants someone to hold his hand. He's retreating and keeps trying to return to her. 

Disc 2 starts off with a deeply ominous tone. Aeroplanes, the lack of control, the death of innocence. And in [""Empty Spaces""](http://www.youtube.com/watch?v=ARXKvVeVtXg) Pink is trying to fill those empty spaces with emptiness. And then he's so bitter and angry and loud, which escalates further and further until it all blends together into incoherent droning broken by... that single, final slam. Pink angrily destroys his house in [""One of My Turns""](http://www.youtube.com/watch?v=IqEytMfQCLI) but that final ""Why are you running away?"" sounds full of despair and desolation. His cutoff ""goodby-"" as the wall is completed in [""Goodbye Cruel World""](http://www.youtube.com/watch?v=FD-R7KsE3-Y) was particularly striking. 

The next disc is full of all this fuzzy noise: the sound of an empty room. ""Divided we fall, fall, fall, fall"" and falling. Then again with the layering on ""Is there anybody OUT THERE!""

And finally, we get to the end. He becomes a dictator. The Judge in his mind commands to tear down this wall. And the album ends on a lukewarm note. Loneliness is still there. And the ending! ""Isn't this where we come in?"" This reminds me of a [Hopper](http://foxpudding.files.wordpress.com/2010/10/hopper2auto.jpg) [painting](http://www.artchive.com/artchive/h/hopper/nighthwk.jpg) or of Caldwell's [*Tobacco Road.*](http://en.wikipedia.org/wiki/Tobacco_Road_(novel\)) It continues this never ending cycle, or maze rather, of isolation. 

My friend and I were trying to match this up with Campbell's [monomyth](http://en.wikipedia.org/wiki/Monomyth) if anyone here's familiar with that. My friend thinks that the album as a whole focuses on the Initiation (into a person), which I definitely agree with. Women and the Mother also match up. I think some version of a ""Confrontation with the Father"" occurs during ""The Trial"" and that Pink is narrating from outside the wall, where he has experienced both worlds to some extent. I'm not sure he ever achieves the final step of accepting mortality and living though. 

Anyways, I've talked for long enough. I'm interested in hearing your thoughts on this album! I'm writing this right off of my first listen-through, so please add anything I've missed. 

-------------

**EDIT:** Added links and pretty pics. This is a great discussion so far!  I love the Live disc on Ummagumma, but the studio disc is only kind of interesting. I don't care much for *More* either, outside of a few tracks.",reaction,
"Mission of Burma: avant garde nonsense or a band before their time? What are your thoughts on [Mission of Burma](http://en.wikipedia.org/wiki/Mission_of_burma)? Were they gods in the indie scene in the 80s? Should they have returned in the 2000s to make more music? 

I think their first EP (*Signals, Calls, and Marches*), their first LP (*Vs*), and their first single (""Peking Spring"") are brilliant for the most part, but I have a bone to pick with them. 

1. Even though Clint Conley wrote some amazingly catchy songs, the rest of the band struggled, and at times I think Roger Miller's contributions are masturbatory. 

2. I can't find any of their material without additional tracks added. 

3. They should not have come back--what they did in the 80s was beyond impressive, but trying to recapture that is a little daft. Their new music is awful, and what are they accomplishing? 

Chime in, let me know your thoughts. Let's talk Burma! &gt;point me to something by a British guitarist that sounds like ""Trem Two"" or ""Mica""

My point is not that their specific songs had already been done, just their ideas, but I'll play along with one of your songs at least: [Mica](http://www.youtube.com/watch?v=_ibmNGpqU_Q).

&gt;the important thing about MOB is the fusion of stuff they got from British post-punk bands with stuff they got from American post-punk bands AND stuff they got from American hardcore punk

This is your strongest argument and I agree with it to a certain extent. I'm interested when bands fuse two unrelated genres, like [psychedelic rock with Brazilian music](http://www.youtube.com/watch?v=Ld8TIXRJgos). Fusing post-punk with punk is like fusing blues and rock; it's moving the genre backward, not forward.

&gt;you have to be pretty uninterested in hardcore to say that punk ""died"" the same year that Hardcore '81 and Minor Threat came out

I am pretty uninterested in hardcore, for pretty much all the reasons I explained I'm not interested in MoB. I've never found anything in hardcore that didn't already exist in punk. And punk didn't die in 1981, it died in 1977. It's a good genre but limited, and it burned through most of its potential originality within a few months. The reason I like Post Punk is because it continued breaking as much new ground as rapidly as punk, but it had so much room for experimentation that the process took years.",analysis,
"The Brian Jonestown Massacre: a 20 year career and why you won't hear the revolution on the radio ***TLDR: BJM GOOD, ESPECIALLY 1995-1997***

The Brian Jonestown Massacre is the brainchild and band of Mr. Anton Newcombe, and boy does he have a slight ego. Understandably so, his band just might be a poor man's version of a modern Velvet Underground. If you haven't heard of these guys, then you should keep reading and look into them. If you have, it's probably because you heard of or saw the documentary *Dig!* which documents Newcombe as a psychopath megalomaniac, or maybe that you like the Dandy Warhols and you know the two bands were friends/rivals. 

In any case, BJM might be the most eclectic band in the history of rock and roll, in the sense that they have evolved so much since 1993, covering so many subgenres, and that their music is actually good. Anton may deserve a little vindication for his egomania--he may be about half as good as he thinks he is. 

Here is the nitty-gritty. The band was formed sometime in the early 90s/late 80s. They are from San Francisco originally, and in the early 90s they recorded and released a couple of tunes that eventually made it onto an odds and sods release called *Spacegirl &amp; Other Favourites*. I can;t speak much about these original recordings other than to say that Newcombe succeeded in creating a wall of sound effect with the simplest of layered guitar lines, and that he sings in a perfect English accent. 

Even in the early years, members of the band ran through like a perpetual revolving door. On their first official album, *Methodrone* (1995), eight musicians get credit, including three for drumming. In any case, *Methodrone* is about as shoegaze as a record could be, and everything seems so agreeable. It isn't fantastic in any sense, but it is good and worth checking out. In the discernable lyrics, you can hear the beginnings of a lyrical genius. 

1996 saw BJM release three full-length albums, *Take It From the Man*, *Their Satanic Majesty's Second Request*, and *Thank God For Mental Illness*. The band proved to be a near-mirror example or what 60s revivalist should be, showing a range of influence from the Stones, Beatles, Kinks, Byrds, VU, Dylan, Who, you name it. *Take It* is my favorite of their albums. Instead of sticking to one sound or theme, the album bounces between influences, and really sounds like it could be a TV compilation of the summer of love. In 1997, they release their ""commercial record"" in *Give It Back!*, and honestly, all four are as good as each other (*Take It* is my personal favorite), and are all great places to start with the band. 

In 1998 they released an okay record on TVT Records. It's forgettable compared to the previous stuff, and is the beginning of a decline for the band. Anton began pissing off the core of the band, and into the turn of the century, all his friends had left him (I mean, watch the film on them. I don't know if it is 100percent accurate as an unbiased documentary (and I doubt it is), but it sure as shit shows how mean of a drunk Anton is). In 2001 the band releases *Bravery, Repetition, and Noise*, which is a decent record that would have sounded canon during Joy Division/The Cure's time in a post-punk/new wave world. 

In 2004 they released a retrospective ""greatest hits"" that does a very competent job at covering their career. This corresponded with the release of the documentary. After that, I think the band begins to suck something hard. Anton may have fallen victim to the idea of his own genius, because after that his songwriting becomes pedantic, the musical influences (although interesting) reject mainstream rock and move towards a more slavic feel. Although it sounds like it would be cool, it's like a bad cross between Björk and elevator music. 

In any case, Anton stands by a DIY/indie/punk rock mentality--his music can be found for free on his websites and all over the internet (he loves the idea of pirating). He wears his influences on his sleeve, from the classic rock to the Cure/Spacemen 3, MBV, JMC, all of it.

Man's a genius and his music is awesome. 

***TLDR: BJM GOOD, ESPECIALLY 1995-1997*** Try out *Take It From the Man* or *Give It Back!* because those are their best. I see your point about quantity, but I do think *Take It* is great front to back.",analysis,
"Let's Talk: Enya Enya is a singer, instrumentalist and songwriter who makes celtic/new age music. She also composed and performed music for the Lord of the Rings soundtrack and is amongst the best-selling music artists of all time (with as many sales as Jay-Z, Beyonce, and Nirvana). [Here is one of her songs](http://www.youtube.com/watch?v=upkYQqbrjSc), if you are unfamiliar with her music.

The other day, I was looking up the critical reception for some of my favourite albums and, when I looked up A Day Without Rain (an amazing album, in my opinion), I was genuinely confused by the Metacritic score (41/100). A score below 50 pretty much indicates that a work is universally considered bad.

I was confused because I don't even generally like that type of music, but that album is so good that I didn't even notice. 

So, what do you guys think of Enya's music? For those of you who agree with the negative criticism, why? Yeah, I agree. I never knew how uncool it was to listen to Enya before today, but I discovered her music through my parents, so I had my suspicions. 

I think it's kind of a drag that her music is almost entirely associated with hair salons/ yoga, because she makes some truly remarkable music. She does have some stuff that's too sappy and reminiscent of day spas, but some other stuff like [Caribbean Blue](http://www.youtube.com/watch?v=Y1L8uRApYeQ) is breathtaking, to me. Maybe I'm alone on this, though.",opinion,
"Which phase of David Bowie's career was your favorite? I've been getting back into Bowie after some time away (far too long). I still find myself shocked by how many times he reinvented himself. Just off the top of my head:

* 1967-69: folksy, more ""innocent"" Bowie
* 1970-71: More socially-conscious but still pretty grounded
* 1972-74: Androgynous alien superstar
* 1975-76: ""plastic soul"", thin white duke, creepy, soulless yet soulful. Drugs everywhere.
* 1977-79: Berlin. Clean-cut. Brian Eno. Awesome.
* 1980-83: ""Oh hey guys turns out I can still churn out brilliant pop songs like nothing. No big deal""

after that, I kind of lose track. I haven't heard much of his post-Let's Dance stuff to be honest. Though *Heathens* and *Reality* are quite nice.

Anyway, your interpretation of his ""phases"" are probably a bit different from mine...what are your favorites though? Least favorite? For me, I love his ""thin white Duke"" period. So gritty and realistic and depressing, but at the same time so surreal and otherworldly. It almost defies description. Station to Station is my favorite by far. I love the persona of the Thin White Duke- amoral and unfeeling yet elegant- and his songs are the best they've ever been on that record. ""Station to Station"" is the best song to prance around and drunkenly sing in his entire discography and ""Wild is the Wind"" and ""World on a Wing"" feature his best vocal performances in my opinion. And then there's that ever-so-slightly off-putting chord progression in ""Golden Years""...god, I love that album. 

I think it's just a personal preference- I love things that feel incredibly decadent yet dangerous, like they're about to spiral over the edge of fame and excess into destruction. Kanye West is a modern musician that comes to mind whose songs capture this same feeling.

But yeah. Station to Station. Great album.",opinion,
"What album do you think is a 10/10? What are some albums that you think are nearly perfect, or at least perfect to you? Whether it be by personal connection to you (Mine would be Underdogs from Matthew Good Band) or just one damn good song after another over and over (Discovery from Daft Punk) A lot of my picks have been mentioned already so I'll talk about one nobody seems to have mentioned.

[Lost In The Sound Of Separation by Underoath](http://www.youtube.com/watch?v=XOlOp0lb2Xg)

It's hard to talk about an album I love so much. It's if the perfection speaks for itself. And this truly was the first album that spoke to me. The lyrics touch upon so many themes ([faith](http://www.youtube.com/watch?v=3dHinJ5oWfg), [addiction](http://www.youtube.com/watch?v=eYSwoGzBHiU), [relationships](http://www.youtube.com/watch?v=IqEhGTBeYPs), [environmentalism](http://www.youtube.com/watch?v=TQy5674frWM), and [existentialism](http://www.youtube.com/watch?v=2Rx8um8xhX0)) that were so relevant to me when it came out and still are today. Where albums like [Untrue by Burial](http://www.youtube.com/watch?v=nBoYu7nnym4) changed my perception of how to write music, Lost In The Sound taught me about life. It lifted me out of a very bad place by having songs that I could relate to, but also songs that could show me hope. It's very rare for an album of that genre to have such well-rounded lyrics. Of course the lyrics don't amount to much without the music. The album is immense. The tone and scope of the densely layered music paints a musical portrait to match the landscape of the [albums cover](http://4.bp.blogspot.com/-BWOWIlEDHE0/TzhpiXtMEYI/AAAAAAAAAMo/oVhpxuCSUqk/s1600/Underoath-Lost_In_The_Sound_Of_Separation-Frontal.jpg) . Like the lyrics, it becomes all accompanying, going from [sounding underground](http://www.youtube.com/watch?v=eLZRjinry1c) to [sounding like it's floating in the sky](http://www.youtube.com/watch?v=j534B6cR86o). Each song manages to be diverse while still sounding cohesive within the idea of this sonic landscape. This is all topped by flawless vocal performances by Spencer Chamberlain and Aaron Gillespie. They sing with such conviction and emotiveness that it truly brings the lyrics to life. There are [multiple](http://www.youtube.com/watch?feature=player_detailpage&amp;v=ww6u9_XE9ts#t=165s) [vocal](http://www.youtube.com/watch?feature=player_detailpage&amp;v=IqEhGTBeYPs#t=157s) [sections](http://www.youtube.com/watch?feature=player_detailpage&amp;v=j534B6cR86o#t=207s) on this album that give me chills. But there's not any amount of rambling that will do this album justice. It's just perfect.",analysis,
"What resonates with you the most? Conversational-simplistic or masterful-complicated? I'll build my stance around the first two bands that come to my mind on the two ends of the spectrum: The Magnetic Fields and The Mars Volta.

Stephin Merritt composes very simple melodies and writes really stripped down, to the point lyrics and yet the musical outcome is so emotional and more importantly it doesn't get old.
[The Magnetic Fields - All My Little Words](http://www.youtube.com/watch?v=eo8vW_0H_Kg)

It more and more seems to me like bands that choose the polar opposite approach to rock music, despite their intentions to be memorable and unique, fall short in timelessness.

[The Mars Volta - Roulette Dares](http://www.youtube.com/watch?v=8lKUl_bO4QA)

These types of songs are no doubt very impressive and perhaps even more emotional than simple folk songs, but it's lack of an objective meaning, lack of compositional restraint, lack of minimalism just doesn't do it for me.

It's like if I had to choose between an overcooked but ambitious **bone-marrow coated poached duck liver over some pig-blood thai noodles** and a **perfectly fried chicken with corn salsa**. Sure I'd go for the duck liver with amusement once in a while, but every other day I'd go for the chicken and lick that plate dry.

Which could bring us to another point of the handful of bands that have achieved a perfect balance, like Pink Floyd - I mean, who doesn't like Pink Floyd? This may sound like an ignorant comment at first, but seriously, think about it, who doesn't like Pink Floyd? I think they are so great because they are incredible musicians who know every second of sound matters, who know less could be more, and more could also be more, both in moderation.

I've been on a taste-in-music roller coaster all my adult life and this is where I'm at right now. Obviously I'm not arguing the moot point of 'which is better?'... I have my temporary point of view, you have yours - let's talk about it! First of, do we have to call it ""minimalism""? Minimalist music is its own form of art and has nothing to do with pop/rock/folk songs. Secondly I think talking about ""objective meaning"" and so forth is kind of kidding yourself. A more restrained composition does in no way hold more meaning per se, neither does a more complex one hold less.

As for personal preference: I couldn't chose. There are groups and songs in both areas I absolutely adore. I often find myself defending the complex side of music more but I guess that's mainly because there is an unseeming amount of scorn directed towards it that I fail to comprehend.

Anyway, it always comes down to the song itself rather than which genre or level of complexity it falls into. For example I like proggy stuff but I don't find much of merit in Mars Volta at all, and I'd wish that they wouldn't always be cited as *the* example for complex rock music because I think they do it quite badly. I'd rather have something like [Time of Orchids](http://www.youtube.com/watch?v=57w60DVAHeY) be that figurehead because they show that you can be melodious, catchy *and* complicated - simply fun to listen to.",analysis,
"Ambient/Drone portions of non Ambient/Drone albums Pardon the terrible title, but I didn't really know how else to word the topic. Specifically, I'd like to discuss the significance of instrumental portions on songs like [I Want Wind to Blow by The Mircophones (starting around 2:30)](https://www.youtube.com/watch?v=oNfKOtlNuWE), and [Pree-Sisters Swallowing A Donkey's Eye By Neutral Milk Hotel](https://www.youtube.com/watch?v=ReZwDbZQRK8). These are just two examples from two pretty well known bands that I've noticed recently, and are by no means representative of all I want to talk about.

I've noticed many albums by experimental artists that make more indie rock/folk music often feature extended instrumental portions. The sudden lack of vocals is often surprising to me, and I found myself pondering the *point* of such interludes. A lot of the time, it seems like experimentation for the sake of experimentation, and I feel like certain albums could benefit from having this ""filler"" (I hate that word) cut from them. The Neutral Milk Hotel song I posted above is a prime example of that. What exactly does the 13 minute drone to end the album actually add? I almost never listen to Pree-Sisters all the way through, and wish I could have John Malkoviched Jeff Mangum when he decided to put that track on the album. Obviously it had some sort of significance to him, but as a listener I find myself confused. If any of you have any particular thoughts on this drone I'd love to hear them.

On the opposite side of the spectrum, there are also occasions where I have loved an extended instrumental bit. *I Want Wind to Blow* is a great example. The way the song finishes up is absolutely phenomenal. The slow pickup of the drums builds towards a glorious, cacophonous ending, and the gradual increase in intensity conveys the forcefulness and beauty of nature perfectly in my opinion. 

What do you guys think of these ambient/drone/instrumental parts on otherwise singer songwriter oriented albums? Do you like them or hate them, and why?  Someone else posted about this and I meant to clarify, but I forgot. I'm aware of the differences, I just wanted to talk about all three, specifically when they're utilized in the context I mentioned in the OP. Instrumental is a very large descriptor that encompasses ambient and drone music, and those were the most common types of instrumental music that I noticed being added to singer/songwriter bits of music. I'm aware that ""I Want Wind to Blow"" isn't drone or ambient, but I guess I did kind of incorrectly imply that with my title. And Tool isn't really the type of band I'm talking about. Obviously most of the sections of music I'm discussing about aren't truly ambient/drone, but they often share similar qualities.",analysis,
"My thoughts on Hardcore Punk and ""the Scene"" ***TL;DR--ITT: ""What is to sell out do?""***

For some background info, in the late 70s when the Sex Pistols, Ramones, New York Dolls, and the Clash were getting famous (or at least garnering notoriety), it inspired angry teenagers to start bands regardless of their musical abilities. What came was the hardcore and indie underground scene of the 80s that later progressed into 90s alternative. 

Key players in the movement were Black Flag, Hüsker Dü, Bad Brains, Minor Threat, The Germs, and the Minutemen. For the most part, the music of these bands was simple, aggressive, fast paced, self-produced/recorded/distributed/advertized and inspiring. 

Now, I love hardcore punk, but I think the idea of the scene sometimes clouds people's perception of the actual music--that it's pretty bad. the movement, and punk in general, is about attitude, not music, and in turn, a lot of the music (albeit fun and sometimes catchy) is awful but put on a pedestal. 

What I want to discuss is this: I think bands that left the punk scene were better off as a whole. Bands that started off hardcore who evolved ended up much better than they were, and as a whole are better than one-dimensional hardcore acts. 

The Replacements started as a hardcore band, but quickly changed into a more alternative act, and released two phenomenal albums in the mid-eighties (*Let It Be* and *Tim*). 

Dinosaur Jr started off as a hardcore band called Deep Wound. Deep Wound sucks, whereas DinoJ's first three records are kickass and bring back the idea of the guitar solo to indie rock. 

The Flaming Lips started as a hardcore band and they were awful. Their 80s music is horrendous whereas their 90s material is incredible. 

The early Seattle scene was Green River, Malfunkshun, and the Melvins. The early grunge is so bad (fuck it, Nirvana's *Bleach* does not stack up to their later releases). when Green River and Malfunkshun broke up and later became Mudhoney and Mother Love Bone/Pearl Jam, they were SOO much better. 

I guess what I am rambling about is that I think bands who really stand out are the ones who don't necessarily ""sell out,"" but rather play to their own vision and comfort instead of to the vision of the scene. Maybe even succumbing to the scene over personal vision is more of a sell out move than changing your sound is. I don't know. 

***TL;DR--ITT: ""What is to sell out do?""***

 This comes from a neutral point of view: I've listened to quite a few hardcore albums while I'm not a fan of the entire scene around it; I just enjoy listening to music. Strictly musically speaking, hardcore punk has been more raw and simplistic than most other music genres, including the genres that include bands such as the ones you named. This, however, does not necessarily mean that the music is inferior to the more complex genres. If one enjoys the rawness and simplicity and speed of hardcore than for that individual that music is more enjoyable than for example listening to *The Smiths* or *New Order* just to name some acclaimed bands in the '80s. 

When I was getting into punk and later into hardcore as well, I suggested to one of my friends that he should listen to some of the bands that I started digging heavily he responded by saying that we can't understand the music because it simply isn't relevant anymore (unless you are still part of the scene). I told him that I think enough time has passed to enjoy punk rock while seperating the music from the scene (though not completely, because the lyrical themes are still very much linked to themes embraced by the punk scene). To come back to your point that punk has been put on a pedestal and hence more acclaimed than it actually deserves - I think your point was true in the '80s and of course to a certain degree still is today. However, I think enough time has passed to enjoy punk rock just for its characteristics.",analysis,
"Let's Talk ""White Privilege"" in Hip-Hop So, the other night, as many of you know, Macklemore and Ryan Lewis won a Grammy for best Hip-Hop album.  The controversy in this stems from the fact that many hip-hop fans don't view The Heist as hip-hop, and view Kendrick Lamar's Good Kid m.A.A.d City to be a modern classic.    After the award was announced, a cascade of accusations of racism rained down on the Grammy's.  Many people view Macklemore's popularity a result of he and Ryan Lewis being white.  But, is it fair to say that mainstream America, and even the Grammy's are racist based on Macklemore's success?  I don't really think so.  

Let's start at the beginning.  It's very well known that Rock and Roll started as a predominantly black music genre.  It had its roots in soul and the blues, two genres popular with black people.  It wasn't until Elvis came along and made the genre mainstream that white listeners began listening.  Many blacks viewed this as an appropriation and exploitation of their culture.  

Now onto hip-hop.  Hip-Hop, much like rock and roll, has its roots in predominantly black genres, soul and funk.  Hip-Hop quickly became the voice of the urban crowd in the late 70s.  In the 80s, hip-hop exploded in popularity while groups like Public Enemy continued the message of the urban struggle while keeping the memory of the appropriation of rock and roll in their mind (Public Enemy explicitly called Elvis a racist in Fight the Power).  Hip-hop remained a predominantly black art into the 90s (most white rappers were viewed in the public as novelties.  People like Vanilla Ice, Marky Mark, and House of Pain weren't really considered ""real hip-hop""), until Eminem released The Slim Shady LP and the Marshall Mathers LP at the turn of the millennium.  

Now you may be asking what the point of this history lesson is.  It's to show that no one disagrees about the roots of hip-hop being in black culture, but people do disagree on the place of white people in hip-hop.  A few months ago Lord Jamar, a very old school emcee turned actor, garnered controversy by saying that white people were guests in the house of hip-hop.  He did not say that white people were unwelcome, just that they will never truly be the same as a resident in the house of hip-hop.  While many black personalities including Hopsin and Charlemagne tha God called Jamar's comments racist and stated that white people were welcome in the hip-hop world, that's not the point.  Lord Jamar basically said that hip-hop is at its core, rooted in black culture.  This is something that RA the Rugged Man, a white rapper, agreed with.  Hip-hop is a black art form, and no one has a real problem with white people that make traditional hip-hop music (EL-P, Aesop Rock, RA the Rugged Man).  A lot of people have a problem with ""gimmicky"" white rappers in the mainstream.  A lot of people hated Mac Miller when he came out because he was nothing more than a weed rapper.  No matter how much music he knew (he actually taught himself how to play the piano, guitar, drums, and bass), he was viewed as a gimmicky white rapper (I say viewed because Watching Movies with the Sound Off, his new album is a much more mature album).  The same can be said for people like Asher Roth.  They're rappers, but they aren't making traditional hip-hop.

And finally we come back to Macklemore.  One of the Macklemore's songs is called ""White Privilege"".  In this song Macklemore contemplates his place in hip-hop as a white rapper.  He discusses Elvis and the appropriation of Rock and Roll, Eminem and black culture in hip-hop, and the culture gap between himself and the urban crowd.  In short, Macklemore questions whether or not he'll ever be anything more than just another ""White Rapper"", but I don't think that all white rappers are ""White Rappers"".  I can't really think of anyone referring to people like EL-P or RA the Rugged Man as white rappers, just rappers.  These rappers are respected members of hip-hop that just happen to be white.  While race may always play a role in anything cultural, its importance is greatly overestimate, in my opinion, in modern hip-hop.  I am an 18 year old high school student, and most of my friends that aren't really into hip-hop listen to just as much Drake and Tyler, the Creator as they do Macklemore and Eminem. 

So if race doesn't explain Macklemore's popularity, or the fact that most of his fans are white, what does.  Well for starters on popularity, Macklemore doesn't really give himself enough credit.  Macklemore recorded his first music in 2000 when he was 16.  He met and first started working with Ryan Lewis in 2006.  That's about 12 years of making music, and 6 years of making music with Ryan Lewis before he blew up.  Both Macklemore and Ryan Lewis have been putting in their dues in the Seattle Underground for quite sometime, and it's a disservice to himself for Macklemore to downplay that.  It's also hard to deny that both Macklemore and Ryan Lewis are just talented.  Ryan Lewis is an excellent producer and Macklemore's delivery is very catchy.  This brings me to my final point: they make catchy pop music.  I kind of view them to hip-hop as to what Taylor Swift is to Country.  They're not bad, they just make more poppy songs that the mainstream can jam to.  Add in some progressive themes like homophobia, racism, and consumerism, and you've got the perfect formula for success with the white college-crowd.  

TL;DR The Grammy's and mainstream America aren't racist; they just don't know hip-hop.  While hip-hop is a deep part of black culture, the presence of many white rappers is not a sign of exploitation or appropriation.  Macklemore is popular because he makes pop songs, not because he is white.


EDIT: I guess my perception of Action Bronson and the Beastie Boys were a little off base.  My bad


  If it's going to be about sales numbers, why even have a panel of judges? Just run the numbers and pick the top ones.",analysis,
"Most important albums of the last 50 years? In your opinion, what are the albums most important to music's development in the last 50 or so years? A few of mine:
Joy Division-- Unknown Pleasures (flipped punk inside out, replacing extroversion with introversion and adding tension to tension and release, setting the scene for all post-punk and it's various branches)
Talking Heads-- Remain In Light (brilliant mixture of african world music, punk, and rock to create a whole new sound. Changed production by being recorded in samples and individual parts which were later layered over each other)
David Byrne/Brian Eno-- My Life In the Bush of Ghosts (first album to use sampling, in addition to setting a template for ambient electronic)
Daydream Nation by Sonic Youth/Doolittle by Pixies (combined rough grunge and noise music with more accessible pop tunes, paving the way for alt rock of the 90s and today)
Pavement-- Slanted &amp; Enchanted (one of the key albums to usher in the lo-fi movement along with helping establish a desire for groups to remain on indie labels)
Panda Bear--Person Pitch (started the huge movement of laptop made music we see today) Man, did you catch that act when they played with Goldberg and Stanley and did the *Chiropodist*? ... Me neither, but I heard it was a bitchin dance scene.",opinion,
"Let's talk: Nujabes Today marks the anniversary of Nujabes's death 4 years ago, so I figured it would be a good time to talk about the man and his work. If you're not familiar with him at all the last thread [about him](http://www.reddit.com/r/LetsTalkMusic/comments/1qqlca/lets_talk_nujabes/) offers a nice summary. 

 I've always loved his music ever since I heard it. His music is incredibly relaxing and beautiful. [Feather](http://www.youtube.com/watch?v=P0ul5Sl02nw) has one of the most gorgeous beats I've ever heard. One of the things I love about Nujabes is how he makes this incredibly beautiful music, but is still inside the genre of hip-hop. Hip-hop in general is not really known for being pretty or relaxing, but that's never hampered him. Despite his proficiency as a producer I always felt his music was held back by some of the rappers he worked with. It's a shame he didn't live long enough to be able to work with some of the bigger names in rapping.   

I know he's pretty popular, but I've seen a few people complain he can be boring. What do you guy think of him and his music? I'm a avid fan, but for part 6 it seems much more of a Uyama Hiroto song.  Part 6 was actually recovered Nujabes phone after his death and Uyama Hiroto did the 'edit' according to Hydeout.

But i agree the Luv(sic) songs are a huge part of his legacy.",opinion,
"Discussion: Albums that did not live up to the hype for you (and why you think they dissapointed you) For me, I would have to say Spiritualized's *Ladies and gentlemen we are floating in space*. The best reason I have for it is it sounds over-produced to me. I know that word it thrown around a lot and it doesn't mean much, but it sounds like all it's trying to achieve is that buildup to chill-inducing moment in some of my favorite songs. The problem is that all the songs seem to do it, and it just doesn't work for me. So r/letstalkmusic, what are yours? ""Introducing"" is a good album, and I have no disrespect for that album at all. I just loved the way they went SO over the top on the self-titled and just piled on the melody and guitars and drums and how Eric threw so much emotion into it. Seriously, no matter what album you like most, these guys want to make it big, and one day, they will.

I've actually seen them twice already, and I'm seeing them again this Saturday in Boston. I could not be more excited!

And yes, Foxy Shazam = Insanity",opinion,
"Let's Talk: The National The National is my favorite band since I heard Alligator. These days, I listen to them almost exclusively and it's honestly made changes to my life.

The lyrics are so dark, melodic and beautiful, Berninger's voice is fantastic and the rest of the band are also so good at what they do, fabulously talented individuals. 

Just wondering what you guys think of them. If you're a fan, what's your favorite song by them? Album? You think the new album is going to drop this year or 2014?

If not, check out this song: http://www.youtube.com/watch?v=45OKNWxvgXg&amp;amp;feature=youtube_gdata_player I really enjoyed The National back a few years ago. I was hooked and bought most of their albums. Unfortunately, It was kinda a phase with them. I didn't really feel or hear much progression in their work. I still listen to them now time to time. Cherry Tree EP and Boxer are probably my two favorite national. I also love the song ""So far around the bend"" (The reference to the band Pavement was awesome and the fact that pavement reunited is hilarious). 

So in short, I don't listen to them as avidly as I did before. I found other music I love through discovery and I guess through that, comes music taste progression.",opinion,
"Disappointments and Surprises this year. essentially: albums you liked more than you thought you would and albums you liked less than you thought you would. 

this year has been fairly disappointing so far; though I think that has more to do with the glut of great albums that came out towards the end of last year spoiling me. But first the positive:

**Surprises**:

* **[Lilacs &amp; Champagne - Danish &amp; Blue](https://www.youtube.com/watch?v=QeJj7FCRYCg)** 

I mostly just wanted a new Grails album, but this album seems much more organic than their previous album. It also doesn't seem too far off from the previous Black Tar Prophecy EP, so even if it's not a full-fledge Grails album, it's more than just a placeholder.

* [**Boris - Praparat**](https://www.youtube.com/watch?v=h5qDtmCnR80)

after a string of disappointing releases the last few years, I wasn't expecting much from this, but this seems to have taken the (previously segregated) variety of Boris' last few releases and mixed them into a more coherent form. Overall, it kind of feels like Boris' take on post-rock.

* [**No Joy - Wait to Pleasure**](https://www.youtube.com/watch?v=nBSeEF6UJqc)

there seems to be a lot more Shoegaze records being released, but it seems like a bulk of them are rather faceless rehashing of the same dozen bands or so from the late 80s/early 90s. No Joy isn't exactly original (though I can't think of any Shoegaze bands doing [odd Hip Hop-esque tracks](https://www.youtube.com/watch?v=Kk585bNnYyk) ), but they seem to have a bit more personality than others and with a more spacious mix.

* [**Primal Scream - More Light**](https://www.youtube.com/watch?v=LfPu5FQgFIU)

I don't think it's quite the comeback some of the reviews make it out to be as it could be whittled down a bit (Invisible City (which sounds like the James Brown track from Rocky IV) and Goodbye Johnny could be easily dropped), but it's easily their best album in years. 

this isn't all of my favorite releases, just ones that have exceeded expectations.


**Disappointments**:

* [**Flaming Lips - The Terror**](https://www.youtube.com/watch?v=d6J8O8Ououk)

I've posted about this before, but essentially: the Flaming Lips finally make a boring album. Remove all the surrounding drama on the album (wayne's divorce and Steve's relapse) and it's nothing but a bleak album that doesn't really offer anything memorable apart from the opening track. It's especially disappointing in light of, in my opinion, a lot of fucking around (extreme song lengths, pointless cover albums, etc.)

* [**Black Angels - Indigo Meadow**](https://www.youtube.com/watch?v=812r_yzUJ_s)

it's a fairly logical follow-up to Phosphene Dream... it's just not really that interesting and kind of toothless. They've mostly traded their darker psychedelia for fairly tame standard psychedelia.  It's not unenjoyable to listen to, but mostly forgettable once the record stops.

* [**The Knife - Shaking the Habitual**](https://www.youtube.com/watch?v=cEiwhP7j6JM)

I heard a lot of good things about this album, but I'm honestly not convinced anyone genuinely likes it as it seems to be one whose reputation rests solely on ones ability to sit through the fucking thing. Now it's not a bad album mind you; every track generally starts off good/interesting, but with the exception of the above linked Raging Lung, every track way overstays its welcome. Overall, it just sounds like an album full of underdeveloped tracks all just kind of thrown together because they didn't really know what to do with them. Easily the most pretentious release of the year.

there's other disappointments (Wolf People's Fain, Low's Invisible Way, etc.), but they're not bad albums so much as they are just a rather noticeable step down from previous albums.
 **Surprises**:

* Akron/Family ""Sub Verses""

I originally thought this album was gonna be some boring indie folk record, but these guys are way way way more than that. It's got a ton of distortion and it's very experimental. Well, these guys are on Michael Gira's label so some level is experimentation is expected, but I'd never really listened to these guys much. But this ended up becoming one of my favorite albums of the year so far.

* Chance the Rapper ""Acid Rap""

I listened to his first mixtape ""10 Day"" recently (before he put out Acid Rap) and thought it was pretty great, but I found some of it difficult to remember, so I didn't have very high expectations for this one. But man did I enjoy the hell out of this mixtape. ""Acid Rap"" is full of great hooks and awesome beats, and there's no one out there who sounds quite like Chance. Either his strange adlibs or his surprisingly decent singing voice. It all comes together in this fun, hazy, odd little mixtape that is really really great.

* Vampire Weekend ""Modern Vampires of the City""

Don't get me wrong, I am a Vampire Weekend fan, but for some reason I had a good feeling that this one wouldn't live up to the greatness of the first two albums. Boy was I wrong. The album is quite the progression fron ""Contra"" and utilizes some fascinating recording techniques and special effects. There are songs that are catchy like ""Diane Young"" and ""Unbelievers"" as well as songs that are slower and just melodic. Great great album. VW have certainly not lost what made them great when they came about 5 years ago.

**Disappointments**

* Kurt Vile ""Wakin on a Pretty Daze""

I heard plenty of great things about this album, and considering how much I loved ""Smoke Ring For My Halo"" I figured I'd really enjoy this album. But honestly, it kinda bored me. Nothing on it stood out to me. I'm still a Kurt fan and I'll be seeing him live in 2 weeks, but I kinda wish I enjoyed this album more.

* The Dear Hunter ""Migrant""

I love The Dear Hunter. They have effortlessly combined post-hardcore with progressive rock for years, and I love their first four releases with a passion. Casey Crescenzo is one of my favorite frontmen. But something about this album didn't really sit well with me. It didn't quite have that energy that made a lot of Dear Hunter's music so much fun to listen to. Hopefully this is just one 'meh' album among many, and I hope they don't end on this one.

* How to Destroy Angels ""Welcome Oblivion""

To be honest, I'm not sure WHAT went wrong here. It's a neat sounding dark post-industrial Trent Reznor project, but it just doesn't feel like anything. There's no love in it, except for Trent's love for his mediocrely voiced wife. It's fairly lengthy but it doesn't really justify its length, like some other albums are capable of. I think another reason for my disappointment is that the hype had died down. It took years for them to go from debut EP to debut album, which is not really a good thing for a group that contains the notoriously not prolific Trent.",analysis,
"What are your personal top 5 favorite artists? (And why?) Here are the 5 artists that have given me the most joy, in no particular order:

Beatles -- They gave rise to the rock tradition, to modern music.  Anything that you hear today stems from The Beatles in one way or another.

Sonic Youth --They remind me of post-post-modern artists who use old, rubber tires and other junkyard objects to create art, in that they use guitar distortions and noise to create, in its ugliness, beauty. And isn't that what art is all about?

New York Dolls -- They gave rise to the whole Glam rock movement. Though glam rock sucks, these are a talented bunch of rock stars that know what they're doing (unlike their successors). Their entire discography is A+ stuff. While both of their studio albums rock, they also are filled with quality content.

Gram Parsons -- If not Johnny Cash, he is the king of country. Blending the popular hippie movement with a relaxed country sound, he creates some of the best music to smoke to.

Neil Young -- Unlike Dylan (which is also one of my favorites), his lyrics are more abstract, but nevertheless poignant. Just listen to After the Gold Rush to see how this man can create melodies. Sorry to double comment, but I am now a solid 30 minutes into ""Lift Your Skinny Fists,"" this music is a lot darker than I thought it would be (in a good way). It's certainly very ambient, ""noise"" music, which I always find somewhat calming and ""escapist"" in nature.

It almost seems like excerpts of this music could be used as the soundtrack in some sort of post-apocalyptic movie. 

Overall, I really like it though... it might be the sort of music that could really benefit from a bit of ""organic enhancement,"" but even sober I think it's really cool, unique, interesting music. Thanks again for the rec :)",opinion,
"Let's Talk: Sellout Albums The term sellout is thrown around a lot. And most of the time it's negative, but I don't mean it to be negative. What I want to talk about here is albums in which the band A) Sold more records than previous albums and B) The band (maybe even slightly) changed their style to do-so.

When someone says sellout album to me, I think of 4 specific albums:

*Muse - Black Holes and Revelations*

This album was less heavy than previous works. It was around the release of this album that compassion between Muse and Queen became common. I couldn't find exact numbers, but it was their highest selling album at the time.

*Metallica - Metallica (Black Album)*

I'm sure no one needs an explanation as to why I feel like this is a Sellout album. Metallica abandoned their melodic, harmony-filled style in favor of a more simplistic, slower, catchier, style. This album went 16x platinum.

*Modest Mouse - Good News for People Who Love Bad News*

We see a lot of changes in this album. While not every song on previous albums were long, this album only has one single song over five minutes long. The songs are more hook based, and there is significantly less use of the whammy bar on the guitars, which was a staple of their sound up to this point. It sold 1.5 million copies, their highest selling album to date.

~~*Bob Dylan - Bringing It All Back Home*~~

~~This was Dylan's first electric album. It really pissed off a lot of people. Dylan went on to continue to play electric for the rest of his 40+ year career.~~

Edit: Fair enough, I suppose Dylan was in fact, NOT selling out.

*I'm not by any means saying these are the only Sellout albums, or even the best 4 examples. These are just personally what comes to mind for me.

The interesting thing about these albums, is that even though each of them represent a point in the artist's career when they changed their sound for the mainstream, I think they are all very good albums. (Maybe with the exception of Metallica) I listen to all of these on a regular basis. In the case of Muse and Metallica, most people would argue that the quality of their work decreased after the release of these albums. Modest Mouse and Bob Dylan, on the other hand, have released quality material even after a dramatic shift in their sound.

What are your thoughts on Sellout albums?
 Elephunk wasn't that bad in my opinion but Monkey Business... That was the sellout album for me.",analysis,
"Bands/artists that have ""redeemed"" themselves... I'm sure all of you could easily name tons of artists that have lost their way. You know, like Weezer, Metallica, The Black Eyed Peas, Liz Phair...people who started out pretty respectable but have since become unrecognizable.

But fuck all that. Instead of a depressing circlejerk, how about some bands that lost it, or started heading the wrong direction, then somehow found ""it"" again? Stories like that are much rarer I'd imagine.

I'd like to nominate Guided by Voices. [Teenage FBI (1999)](http://www.youtube.com/watch?v=HV5TItjVSfo) I would consider a well-written song, but what the hell is up with that production?! This is the same band that brought us [Tractor Rape Chain? (1994)](http://www.youtube.com/watch?v=sJ6yS71j-cw) Come on Uncle Bob. Seriously. The rest of the album is very forgettable in my opinion, and very much below GBV's standards. This could have been the beginning of something terrible.

Luckily they quickly found a happy medium, which gave us gems like [Back to the Lake (2002)](http://www.youtube.com/watch?v=p0fbR-7Y6Xo). Still a much cleaner production than their early 90s stuff, but it's not ""glossy"" and overproduced. Absolutely. I wonder at what point Lars sat behind his drum kit and said to himself ""What am I doing here? Is this real life?""  :)",analysis,
"panned! (or: records you love that critics hated.) this is a good question to ask at a slow party if you end up talking to another music head. I've seen a bottle get broken out of sheer enthusiasm during the explanation^# , so I'm hoping for something interesting from reddit.


I have a lot of these, but Scott Weiland's *12 bar blues* is a good one because it wasn't just dismissed by critics, it also didn't sell very well and has completely fallen into the margins of history at this point. especially given that you occasionally have to remind people [who Scott Weiland is.](http://www.youtube.com/watch?v=ht672-wYelc) *spin* and *rolling stone* hated it (I think David Fricke called it confused and indulgent), and stone temple pilots fans rejected it on principle for not sounding like STP. but the record remains outrageously interesting even just for being a weird hybrid of grungy glam, lounge, and extremely aggressive electronics a la layers of heavily distorted theremin. these production decisions are really what keeps the album together, constantly jumping between being so prominent as to virtually throttle the rest of the music and being barely audible. and, as if that wasn't enough, this all happens on top a revolving door of songs that sound kinda like tom waits teamed up with slade to cover *hunky dory.* there's also this guy named [Victor Indrizzo](http://www.victorindrizzo.com/) who has credits all over the record; I have a suspicion that he had a lot to do with the adventures in sound contained thereon, particularly because Scott's second solo album sounds [nothing like this.](http://www.youtube.com/watch?v=yrXyzGvpuxA)

select cuts:

* [jimmy was a stimulator](http://www.youtube.com/watch?v=fiWpW1HacfU)

* [cool kiss](http://www.youtube.com/watch?v=sxGG81vrT2A)

* [desperation no 5](http://www.youtube.com/watch?v=REumfh2DFMA)


^# to pre-empt the first comment, the record was *monster* by REM. Liking STP seems to be sin enough.",analysis,
"Let's Talk: Great Albums Runs I was thinking about some of my favorite bands the other day and I eventually got into wondering if there was anything that links them together. One of my conclusions was that many of my favorite bands have had a run of consistently great albums. When I say run, it can be as low as two consecutive albums, but it's most often from 3-5. Generally my criteria was the lower the total no. of albums, the better each individual album had to be. Also when I'm say great albums, I mean really good albums that are often cited as classics or albums which are generally held to be high-watermarks in their genre. It's rare enough for a band to have even one album that's considered a masterpiece. So, I think that having a run of consistently fantastic albums is one characteristic of artists who are in the highest echelon of music-making, those who are playing on a whole another level (pun intended). Some examples of these great runs in my opinion would be:

The Beatles (obviously): Pretty much everything they did but especially from Rubber Soul onwards

The Velvet Underground: TVU&amp;N - Loaded (4 albums)

David Bowie: Station to Station - Scary Monsters (5 albums)

Joy Division - Unknown Pleasures and Closer (a case where's there's only 2 albums but both are phenomenal)

I have some more which I can put in the comments, but I wanted to see what you guys think. Do you think that having a run of consistently great albums is a requirement or at least an element of making a great band? Do you think that such runs have any say in objectively assessing an artist's 'quality' (if such a thing is possible)? 

As a final note, this post is mostly referring to the album era. I'm aware that there are great musicians that have released their music primarily in non-album format. 

 By a more pure experience I meant TKoL is a raw album that expresses the core style that Radiohead has been known for.  In Rainbows was fantastic but its also a bit... Let's say more approachable.  They experimented less and also seemed to polish it more.  None of that is bad, however it is not entirely in the spirit of the band.  Out of any Radiohead album, aside from Pablo Honey, In Rainbows is the closest they could probably get to being considered mainstream (though if we base mainstream off of popularity, they're already there).  


I am also not disregarding critics, I was just saying I would include TKoL as apart of their run.  Not only is it typically favored more than In Rainbows by fans but **it also got around a B to B+ rating by most critics.  In Rainbow got only slightly higher ratings and still averaged in at around a B+.**  



My entire point was *if you're going to include In Rainbows, you should probably also include TKoL.*


**Edit: Plus we're also including Amnesiac in this.  That got lower ratings than In Rainbows and TKoL.**",analysis,
"Ducking' sidechain compression: Discuss Most people probably have no idea what I am talking about so I will explain. 

Sidechain compression is an audio effect in which the volume of one signal is used to drive a compressor which lowers the volume - or 'ducks' - the main signal. The most common traditional use for the effect is when a radio DJ speaks over the music and the music fades out and back in again. It's also used to create space in a mix for the kick drum by momentarily ducking the bass and it's this that I wish to draw your attention to, because it is now the norm to overuse this effect to a preposterous degree.

I'm pretty sure it was Daft Punk who kicked this off. You can hear it on 'One More Time' and 'Harder, Better, Faster' but those tracks are comparatively subtle compared to how it's used today. It's all over that electro pop-dance crap that's suddenly bafflingly popular in the states but you can hear it in lots of other music, dance and non-dance. Trust me, you've heard the effect a lot.

The reason I made this post is that someone in another thread mentioned a new Bonobo album so I gave it a listen and the [first track is rendered completely unlistenable](http://www.youtube.com/watch?v=vHotQANrGCE) by this stupid hackneyed effect. It physically hurts my ears like being repeatedly rendered momentarily deaf. It completely kills the groove and dynamics in a track.

So I wonder if a lot of decent music is being ruined by a production fad. Or maybe it's just me and people quite like it. Will it seem dated in a decade, in the same way that gated reverb in eighties music seems now? Your thoughts? [You call that a sidechained compression?](http://www.youtube.com/watch?v=ZBpWdwXzpMk)

Anyways, it's very popular with house music because it adds such a great pumping feeling to the track.  Done by the book, it allows you to hear the drums of a track without cranking their volume.  Overdone tastefully, it adds so much energy and makes a track very dance-able because it's pumping right about the rate of a human heart.  Over-overdone, it sounds terrible and off-putting.  It works best to a steady beat, it usually just sounds odd when put to a breakbeat.",analysis,
"Bands/Musicians you want to like, but don't. Basically bands that you feel compelled to like, but no matter how much you try, the appeal is completely lost on you.

Mine:

* **Raveonettes** A really poorman's version of The Jesus and Mary Chain, yet I still check out their newer stuff in hopes it'll eventually be quality.

* **A Place to Bury Strangers**  Kind of the same as above. I see the appeal, but it doesn't really seem like there's much to them beyond being influenced by The Jesus and Mary Chain's ""Just out of Reach"" (to the point where they covered the track!). Hell, even their cover of Love and Rockets' ""The Light"" sounded like Just Out of Reach! I don't dislike the band, but it kind of wears thin after a while.

* **Grouper** Like a really boring version of [Flying Saucer Attack](http://www.youtube.com/watch?v=hiCatF0Coz8) dronier material. I was also more annoyed that [Roy Montgomery's portion of his split with Grouper](http://www.youtube.com/watch?v=R02B596uS6k) did not receive more attention. I check out her stuff still, but there's just not much too it, IMO.

* **A Perfect Circle** Eh, Tool-lite. I like some of the tracks, but it feels like a consolation prize for having to wait 5+ years between Tool albums.


* **M83** Not bad, just very thin-sounding, IMO. The ""Lost John Hughes Film Score"" sound they have now just kind of strikes me as odd and not enough of it really sticks out.

* **Explosions in the Sky**. IMO, they were Mogwai/GYBE! for those with ADD. It seemed like their main draw (circa 2001, anyway) was that they were GYBE!'s epic feel, but at half the running time. As much as I love GYBE!, and to a slightly lesser extent Mogwai, I find all the bands they influenced to be completely boring as shit.

* **Sigur Ros** to be fair I haven't checked them out since Agaetis Byrjun, but the vocals really annoyed me. I see the appeal, but I can't really get past the vocals otherwise. - Pink Floyd. I like drugs, I like prog rock, I cringe whenever I hear them. The appeal has to be a generational thing to some degree, but even then I'm really into that era's music. 

- Carlos Gardel. He's the most important man in tango outside of Astor Piazzolla, but his music sounds so trashy if you enter the genre through post-piazzolla artists.

- Much of Harry Nilsson's discography. He has some brilliant songs, like epitome of their genre songs, but he's one of those artists who I have to cherrypick through albums for. I have everything he has ever made and would lose nothing of value by sticking to the *All-Time Greatest Hits* album. 

- Non-free jazz. I like it, I like it a lot, but jazz is too constrictive. I'll hear a pre-free or non-free piece and appreciate it but it never cuts through me like a free piece. Free jazz is music for musicians.

- Metal. I like Mr. Bungle. I know metal is much larger than Mr. Bungle and as deep and broad as any other genre I listen to, but it's physically painful to listen to. Too much screaming, too much loudness.",reaction,
"Let's talk about modern musical geniuses.    I am currently finishing up an undergraduate degree in music, and in one of my classes we discussed musical geniuses. We talked about Beethoven and Bach and their indisputable genius, but this caused me to think who would be considered a modern musical genius? And on top of that what criteria defines a musical genius in this modern age? My first thought was John Coltrane. Coltrane's playing and compositions are, in my opinion some of the finest work in, relatively, recent music. His playing and compositions reach a higher emotional and intelectual level than most music that I hear today.
   John Coltrane, especially with his late quartet, stretched the use of harmony and, in my opinion, created a new emotional height in improvisation. A Love Supreme was not only a religious masterwork, but it expanded the vocabulary of what Jazz was in that time.  On top of that, Coltrane was one of the most virtuosic saxophone players ever. 
   I was wondering what your opinions were. I, being a composer, would love to discover some new music that I have yet to hear, or to experience music I have heard from a different vantage point.

**Edit:**Added support to John Coltrane as per request. Well by that definition I doubt it could be argued that Sex Pistols - Anarchy in the UK doesn't fit there.",analysis,
"Madvillian - Madvilliany: Love it or Hate it? http://www.youtube.com/watch?v=nCDMOQFoUxY (Curls, one of the best songs on the album)

I have heard many opposing opinions on this album. Some say it is just a collection of mummbles, others say it is one of the best experimental hip-hop albums of all time. I myself am obsessed with it currently, but what do you guys think? 

Bonus Question: Favorite line from the album.  Believe it or not this is actually the album that got me into hip hop. Previously I never minded it, just didn't really listen to it often. Then I heard All Caps for the first time and was just blown away by every aspect of it. I immediately had to hear what the rest of the album sounded like, and damn. I was seriously impressed. What's great about it for me is the dynamic between Madlib and DOOM, they work PERFECTLY together. This album wouldn't be nearly as amazing if it didn't have one or the other. It's a stellar collaboration. The samples, raps, and overall feel of the album ties perfectly together. It's amazing enough that something so rambly and experimental can end up sounding so cohesive.

Since listening to it I've opened up to a lot of other hip hop music, and now it's a regular genre for me. I'll take long breaks from it, but eventually I'll always come back to listening to it. It's a wonderful album.",reaction,
"Let's talk about High Water marks. When do you think some bands hit their peak and with what albums? Either where there was a peak that was sustained or a subsequent decline in quality. I would have a very hard time choosing a single ""best"" from both the Beatles or Miles Davis because both acts' changed so dramatically throughout their existences.  

The Beatles went through so many phases - they first started as a cover/pop band on their earliest records, evolving into eventually perfecting their style of music in  *Help!*.  However, with *Rubber Soul* - and even moreso with *Revolver* - the Beatles transition from their pop sound and begin to experiment with their structure.  These two albums are on that transition line from ""early"" Beatles to ""late"" Beatles where elements of both are present.  Everything from *Magical Mystery Tour* onwards was experimental with an ""anything-goes attitude"" as you say. They go through three distinct phrases, in my opinion, and they're all very good - asking to choose the best from that collection is like asking what is the *best* red-colored fruit.  My favorite Beatles album is *Rubber Soul*, but is it the best? 

While the Beatles went through a metamorphosis in their sound, Miles Davis went through a new style of music every couple years.  He began playing bebop at breakneck speeds with Charlie Parker and Dizzy Gillespie, but then moved on to the more mellow hard bop as heard on *Birth of the Cool*.  From there he began to develop of new style of Jazz with Bill Evans and John Coltrane - pumping out *Kind of Blue* during that experience. Afterwards, he even dabbled a bit in Western classical music with *Sketches of Spain*.  After being influenced by the acid rock of the late 1960s, Miles goes on to implementing electric guitar and bass into his music, creating fusion jazz (to the chagrin of many jazz fans) with *Bitches Brew* being his opus from this period.  That's three distinct peaks - they're peaks because each of those works I pointed out are definitive in their respective genres.  No way do I have the balls to declare one as best.  My favorite Miles is Modal Miles on *Kind of Blue*.",analysis,
"Let's Talk: Bibio First off, I love Bibio. I think he's a genius. I like all of his albums.

With that said, I feel like a lot of people loved Ambivalence Avenue and then completely ignored all of his other releases. People put so much stock into this one album (which is completely different from every other release) and they hate on him for departing from it. I got into his music from AA and then I went back to his Mush records and enjoyed them quite a bit too. When Mind Bokeh came out i thought he totally nailed it, silver wilkinson is even better. But all I ever hear from anyone is how he totally failed to deliver since AA or how he needs to ""get his shit together and release something worth listening to"". I'm blown away when people say that kind of stuff.

Anyway... what do you guys think? Do you think Bibio is burning out? Or is AA the exception that proves the rule? I really love the nostalgic feel to Vignetting the Compost. When I drive with that album I feel like i'm going to fall off the horizon. It's not as assertive or beat-laden as AA but that's totally okay. Actually, without the success of AA I would never have found his other work so I owe that album a lot of credit. I never really get all that concerned whether an artist is ""burning out"" or not, I just try to enjoy what's in front of me and quietly hope for more to come. And with Bibio in mind, I REALLY hope there's more to come.",opinion,
"Ambient/Drone portions of non Ambient/Drone albums Pardon the terrible title, but I didn't really know how else to word the topic. Specifically, I'd like to discuss the significance of instrumental portions on songs like [I Want Wind to Blow by The Mircophones (starting around 2:30)](https://www.youtube.com/watch?v=oNfKOtlNuWE), and [Pree-Sisters Swallowing A Donkey's Eye By Neutral Milk Hotel](https://www.youtube.com/watch?v=ReZwDbZQRK8). These are just two examples from two pretty well known bands that I've noticed recently, and are by no means representative of all I want to talk about.

I've noticed many albums by experimental artists that make more indie rock/folk music often feature extended instrumental portions. The sudden lack of vocals is often surprising to me, and I found myself pondering the *point* of such interludes. A lot of the time, it seems like experimentation for the sake of experimentation, and I feel like certain albums could benefit from having this ""filler"" (I hate that word) cut from them. The Neutral Milk Hotel song I posted above is a prime example of that. What exactly does the 13 minute drone to end the album actually add? I almost never listen to Pree-Sisters all the way through, and wish I could have John Malkoviched Jeff Mangum when he decided to put that track on the album. Obviously it had some sort of significance to him, but as a listener I find myself confused. If any of you have any particular thoughts on this drone I'd love to hear them.

On the opposite side of the spectrum, there are also occasions where I have loved an extended instrumental bit. *I Want Wind to Blow* is a great example. The way the song finishes up is absolutely phenomenal. The slow pickup of the drums builds towards a glorious, cacophonous ending, and the gradual increase in intensity conveys the forcefulness and beauty of nature perfectly in my opinion. 

What do you guys think of these ambient/drone/instrumental parts on otherwise singer songwriter oriented albums? Do you like them or hate them, and why?  I'm listening to the new Have A Nice Life record right now, *The Unnatural World.*  The song that just finished--""Music Will Untune the Sky""--would be a great example of this exact thing.  

HANL is generally pretty damn good with this.  Their music breaks into plenty of dronier anmbientish parts, smoothly blending with the pop and the punk.  Phil Elverum is also great with this, as you mentioned.  I connect the two artists, also, and really look up to them for the way they can blend pop songs with atmosphere and ambiance.  I normally always love these types of breaks, in any type of music really, and tend to want to hear more ambiance/drones afterward.  The jarring happens when the vocals come back in.

I didn't start thinking of the necessarity or unnecessarity of these breaks, or even consider they may be ""filler"" until I started writing music and trying to emulate the style of HANL and Phil Elverum and realizing I could only do the pop song part of things.  Melody and lyrics, that's the natural part.  I have to force our the rest of things.  I finish the pop part of a song and then think ""okay now I need to think of something interesting to do to make this thing longer, make it atmospheric/ambient.""  

It comes down to 2 things: artist's skill (mine=none to low, Phil/HANL=high), and their intention.  If I only wanted more ambient bits to make the song longer, yeah, that'd be filler.  That is how I feel when I'm actually trying to create stuff.  But when I'm listening to music or just thinking about what I wanna make, the ambient bits are my favorite.  I want to make them because they are gorgeous and calming or happy or heartbreaking...etc.  They are the most emotional/atmospheric parts of a song (or album) to me, usually.  So in that case they are very necessary, and not filler.",opinion,
"My thoughts on Hardcore Punk and ""the Scene"" ***TL;DR--ITT: ""What is to sell out do?""***

For some background info, in the late 70s when the Sex Pistols, Ramones, New York Dolls, and the Clash were getting famous (or at least garnering notoriety), it inspired angry teenagers to start bands regardless of their musical abilities. What came was the hardcore and indie underground scene of the 80s that later progressed into 90s alternative. 

Key players in the movement were Black Flag, Hüsker Dü, Bad Brains, Minor Threat, The Germs, and the Minutemen. For the most part, the music of these bands was simple, aggressive, fast paced, self-produced/recorded/distributed/advertized and inspiring. 

Now, I love hardcore punk, but I think the idea of the scene sometimes clouds people's perception of the actual music--that it's pretty bad. the movement, and punk in general, is about attitude, not music, and in turn, a lot of the music (albeit fun and sometimes catchy) is awful but put on a pedestal. 

What I want to discuss is this: I think bands that left the punk scene were better off as a whole. Bands that started off hardcore who evolved ended up much better than they were, and as a whole are better than one-dimensional hardcore acts. 

The Replacements started as a hardcore band, but quickly changed into a more alternative act, and released two phenomenal albums in the mid-eighties (*Let It Be* and *Tim*). 

Dinosaur Jr started off as a hardcore band called Deep Wound. Deep Wound sucks, whereas DinoJ's first three records are kickass and bring back the idea of the guitar solo to indie rock. 

The Flaming Lips started as a hardcore band and they were awful. Their 80s music is horrendous whereas their 90s material is incredible. 

The early Seattle scene was Green River, Malfunkshun, and the Melvins. The early grunge is so bad (fuck it, Nirvana's *Bleach* does not stack up to their later releases). when Green River and Malfunkshun broke up and later became Mudhoney and Mother Love Bone/Pearl Jam, they were SOO much better. 

I guess what I am rambling about is that I think bands who really stand out are the ones who don't necessarily ""sell out,"" but rather play to their own vision and comfort instead of to the vision of the scene. Maybe even succumbing to the scene over personal vision is more of a sell out move than changing your sound is. I don't know. 

***TL;DR--ITT: ""What is to sell out do?""***

 Watch *American Hardcore*, *The Decline of Western Civilization*, *HYPE!*, *We Jam Econo*, and *1991: the Year Punk Broke* and you will learn about the indie scene in America during the 80s. Also read *Our Band Could Be Your Life*. 

What I am saying is that the bands that didn't show the same loyalty to the hardcore scene, the ones that changed their sound as they grew older, the ones that evolved are better than the ones that didn't. 

The scene was a very hip scene in play; Kurt Cobain dated Tobi Vale, the drummer for Bikini Kill, and she was very close friends with Calvin Johnson of Beat Happening. they were very into the scene, and Kurt apparently needed to play along as a punk or else they wouldn't respect him because they were so indie and into the essence of music or some bullshit. 

I guess my point is that some people look at what the Replacements, Flaming Lips, Hüsker Dü, Nirvana, Dino Jr, and others as selling out, whereas I guess I see it as evolving, or at least avoiding stasis and stagnation. Did they ""abandon"" the scene and the movement? In a sense, yes they did. Were they wrong? I don't know. I guess that's in the eye of the beholder, but I'd say that they were better off for many reasons, one being that they got better musically while still maintaining the attitude, fervor, and spirit of punk.",analysis,
"What is the difference between house music today and 90's/early 00's house music? In which direction would you like it to go? Fatboy Slim, Basement Jaxx, Chemical Brothers versus Deadmau5, Avicii, Swedish House Mafia.

What do you think? Has it become better? Worse? Or do you maybe think there are no differences whatsoever? 

Personally, I feel that house and dance music is devolving to a simple drum beat and cut up synths. I miss the house pianos and the experimental samplings of earlier times. People like Fatboy Slim really tried to make something personal instead of how it is now, with every house song using the same instruments and the same samples. My biggest peeve are the cut up synths, you can hear them in honestly every song played in clubs today. DOO DOO DOO DOO.

Examples:
[Groove Armada - I See You Baby (Fatboy Slim Remix)](http://www.youtube.com/watch?v=wr4ECiHDiY4)

[Avicii - Levels](http://www.youtube.com/watch?v=_ovdm2yX4MA) You're comparing 2 completely different things. House music of the 90s suffered the same problems electro-house today suffers. Generic synths, boring beats, and the occasional vocal. In the 90s it was hoovers/piano stabs and all about the TR-909. Oh, and plenty of soul diva vocals.

With electro-house, you have typical ""big/deep"" synth chords/stabs and instead of focusing on a drum machine the big thing is shitloads of sidechain compression. That's what gives it that ""pulsing"" feel. As for vocals I think for the most part now people just use rappers and maybe some chick singing with autotune over it. I generally try to avoid that sort of stuff...",analysis,
"Lets Talk: Bands that are overlooked because of their fanbases Panic At the Disco became pretty popular when I was in sixth grade or so, and I never really gave them a chance based on the people that listened to them in my school. Peer pressure sort of got the best of me as it can with anyone in Jr. high school and I always saw them as an emo-trend boy band of sorts.

Starting about six months ago, I decided to give them a chance based on some of their newer music, and realized albums were actually pretty solid. When you get past the radio singles, there's a lot of depth in the lyrics of their older work, along with quite a bit of instrument variation,  which made their first two album pretty refreshing to me.

It just kind of hit me that six or seven years ago I refused to listen to them because every other girl in my school seemed mystified by I Write Sins not Tragedies and other guys thought the band was stupid, and I kind of followed suit. What are some other bands that seem to have this trend, or you overlooked? I liked you reply. It was the type I was looking for, plus you were in a similar situation as me listening to it by accident.",opinion,
"Bands/Musicians you want to like, but don't. Basically bands that you feel compelled to like, but no matter how much you try, the appeal is completely lost on you.

Mine:

* **Raveonettes** A really poorman's version of The Jesus and Mary Chain, yet I still check out their newer stuff in hopes it'll eventually be quality.

* **A Place to Bury Strangers**  Kind of the same as above. I see the appeal, but it doesn't really seem like there's much to them beyond being influenced by The Jesus and Mary Chain's ""Just out of Reach"" (to the point where they covered the track!). Hell, even their cover of Love and Rockets' ""The Light"" sounded like Just Out of Reach! I don't dislike the band, but it kind of wears thin after a while.

* **Grouper** Like a really boring version of [Flying Saucer Attack](http://www.youtube.com/watch?v=hiCatF0Coz8) dronier material. I was also more annoyed that [Roy Montgomery's portion of his split with Grouper](http://www.youtube.com/watch?v=R02B596uS6k) did not receive more attention. I check out her stuff still, but there's just not much too it, IMO.

* **A Perfect Circle** Eh, Tool-lite. I like some of the tracks, but it feels like a consolation prize for having to wait 5+ years between Tool albums.


* **M83** Not bad, just very thin-sounding, IMO. The ""Lost John Hughes Film Score"" sound they have now just kind of strikes me as odd and not enough of it really sticks out.

* **Explosions in the Sky**. IMO, they were Mogwai/GYBE! for those with ADD. It seemed like their main draw (circa 2001, anyway) was that they were GYBE!'s epic feel, but at half the running time. As much as I love GYBE!, and to a slightly lesser extent Mogwai, I find all the bands they influenced to be completely boring as shit.

* **Sigur Ros** to be fair I haven't checked them out since Agaetis Byrjun, but the vocals really annoyed me. I see the appeal, but I can't really get past the vocals otherwise. I'm not the one you're replying to, but I have the same problem with with Kanye West, and with many others who use a lot of samples. I rarely think samples are used very well - often I find that the only part of a song I really find interesting is the sound of the samples. It seems like some artists simply rest on the samples and forget to add anything substantial on their own.

I don't think it has to be that way, but it often seems that way to me.

edit: typo",opinion,
"Let's Talk: Sellout Albums The term sellout is thrown around a lot. And most of the time it's negative, but I don't mean it to be negative. What I want to talk about here is albums in which the band A) Sold more records than previous albums and B) The band (maybe even slightly) changed their style to do-so.

When someone says sellout album to me, I think of 4 specific albums:

*Muse - Black Holes and Revelations*

This album was less heavy than previous works. It was around the release of this album that compassion between Muse and Queen became common. I couldn't find exact numbers, but it was their highest selling album at the time.

*Metallica - Metallica (Black Album)*

I'm sure no one needs an explanation as to why I feel like this is a Sellout album. Metallica abandoned their melodic, harmony-filled style in favor of a more simplistic, slower, catchier, style. This album went 16x platinum.

*Modest Mouse - Good News for People Who Love Bad News*

We see a lot of changes in this album. While not every song on previous albums were long, this album only has one single song over five minutes long. The songs are more hook based, and there is significantly less use of the whammy bar on the guitars, which was a staple of their sound up to this point. It sold 1.5 million copies, their highest selling album to date.

~~*Bob Dylan - Bringing It All Back Home*~~

~~This was Dylan's first electric album. It really pissed off a lot of people. Dylan went on to continue to play electric for the rest of his 40+ year career.~~

Edit: Fair enough, I suppose Dylan was in fact, NOT selling out.

*I'm not by any means saying these are the only Sellout albums, or even the best 4 examples. These are just personally what comes to mind for me.

The interesting thing about these albums, is that even though each of them represent a point in the artist's career when they changed their sound for the mainstream, I think they are all very good albums. (Maybe with the exception of Metallica) I listen to all of these on a regular basis. In the case of Muse and Metallica, most people would argue that the quality of their work decreased after the release of these albums. Modest Mouse and Bob Dylan, on the other hand, have released quality material even after a dramatic shift in their sound.

What are your thoughts on Sellout albums?
 Besides Float On (which i assume you are refering to) there is no denying that Bury Me With It, Black Caddilacs, The View, The Good Times Are Killing Me, One Chance and even Satin in a Coffin is more hooky than their prevouis songs. I'm not saying that this is necessarily a bad thing but it is true.",analysis,
"Neutral Milk Hotel are massively overrated. Is it just me, or are Neutral Milk Hotel overrated? From my perspective it seems that they never actually rise above simply playing hearty, acoustic anthemic ballads. I understand their appeal comes from invoking a kind of quasi-Irish, folksy, rollocking attitude that to me just feels tiresome and contrived. I find the Pogues or Flogging Molly just as obnoxious and fake, but for some reason NMH are indie rock legends. There's no element of innovation, sophistication or mood, other than two-dimensional grandeur. I think it has to do with America's romanticism of authentic Irishness and folksiness that Britain seems more immune to. Well, to truly ""evaluate"" a band like NMH you need to understand more levels of their music besides just their sound. Honestly, I don't consider them a typical band in the slightest, because they basically just put out one decent album and one completely brilliant one, mostly backed on the brilliant songwriting of Jeff Mangum. *In the Aeroplane* was a blend of many different styles running around during the mid-90s and the band was able to put out something incredibly original and different while still being very emotional and expressionistic (word?) The rhythm section rocks out, and the album as a whole just has a major wow factor. They were rather unknown back then, and continue to be, it is only through blog popularity that they've expanded beyond simple college gossip. A factor that influences the popularity of Pavement, NMH, Stones Roses, or until recently, the Pixies is simple that their music was a single-time event, and that makes people romantic about that certain kind of sound.

 Nothing to do with Irish, only love of an authentic expression that has certain factors which expand its appeal.",analysis,
"Let's talk reverb-heavy indie (rock?) So I just finished several listens of ""Brains"" by Lower Dens, the first single off a new album which has already garnered some critical acclaim. Having thus considered the song, I would like to make the following statement:

I am bored to fucking death with indie rock. 

Every single new goddamn band wants to sound mysterious and evasive and allusive (AND elusive) and suggestive and I'm just sick to fucking death of it. I'm sick of the reverb-as-additional instrument excuse and it's time to call it what it is: it's a crutch and it's a mask for poor songwriting. 

CHRIST I'm listening to this song again and I swear to God it makes me want to do nothing so much as just wet the fucking bed. It inspires nothing more in me and if anyone claims anything to the contrary, I don't care, you're fucking lying or high. If you're high, you get a pass. I could see this being at least distracting if I were high.

Every fucking assclown new band in the indie rock world has some fucking fey little name like Gauzy Beaches or the Nothing Whisps and then they write one quarter of a fucking pop song, record a few Troggs-worthy instrumental takes and then fucking smother the whole pile of shit in reverb and await their fucking accolades from Pitchfork and the AV Club.

The noise-as-instrument aesthetic has its merits and has been done extraordinarily well before, but I swear it's the only fucking M.O. in indie rock right now. 

I used to make fun of hardcore when I was in high school ten years ago and I'm a dedicated Converge fan now. Why? Because they *sound like they give a shit*. I'm listening to tons of fucking D'Angelo, 'cuz dude *very clearly gives a shit*. You hear it in his voice. You hear it in the way he's not afraid to really sell a melody. He trusts what he's doing. I don't care how fucking absurd or bad your band is, but *sound like you mean it*. Have the fucking faith in your material to just come out with the shit. Say something. Mean it. Sing it. Swing for the fucking fences. 

I swear to God the next time I go to an indie rock show and the opening band is some little fucking sparrow of a white boy with a beat-up Jaguar and an Apple laptop, there will be blood. I will fucking murder homeboy because his dying screams will be a more meaningful artistic expression than whatever lukewarm ""textural"" look-cool horseshit he's about to foist upon the unwilling crowd. Fuck. 

 &gt; knee-deep in flanneled beardos

there needs to be a subreddit that collects reddit's awesomest phrases.",reaction,
"Let's talk metal. It doesn't look like metal's really been covered here before, so I'll go for a general discussion rather than address any one topic. What do you guys think of it? Sorry in advance for the slightly rambling stream of consciousness.

It's probably one of the least accessible of all genres and the ultimate in acquired tastes. I've been listening to it for about six or seven years now and only started getting into some of the (relatively) heavier forms within the last six months or so. That's not to say that more accessible metal doesn't exist, though. [Here's a playlist](http://grooveshark.com/#!/playlist/Metal/75266632) of some of the stuff that helped me start to get into metal before I could stand anything too heavy.

It seems like the vocals are one of the biggest turnoffs for those who don't like metal. Most of the time the topic comes up, whoever I'm talking to says something like, ""I don't like all the screaming."" I would address this in a few ways:

As you can tell from the above playlist, screaming/harsh vocals are not ubiquitous in metal. There are plenty of bands that almost exclusively utilize clean vocals, and many with fairly gifted vocalists, the most highly regarded of whom tend to be Bruce Dickinson of Iron Maiden, Rob Halford of Judas Priest, and Ronnie James Dio of Dio and Black Sabbath. I thought [this article](http://www.invisibleoranges.com/2010/07/ask-a-real-musician-5-classic-male-metal-singers/), about an opera vocalist hearing some metal singers for the first time, was an interesting perspective on some classic metal vocalists. Basically what I'm saying is that many people don't realize how much metal isn't all about yelling, and it's worth looking into those bands.

Of course, there are plenty of bands that do utilize harsh vocals, or at least angrier ones. These kinds of vocals first became prominent in thrash, which includes bands like Metallica and Slayer and was one of the earliest types of metal that I would say was truly heavy and angry. They spread and developed from there, and are now the staple of the heavier subgenres like black and death metal. I think the reason many people are turned off by these vocals is that they're used to vocal-centric music in which the vocals are the focal point and the instrumentals are secondary, or at least less prominent. This is reversed to a point in metal; rather than carry the music, the vocals serve more as another instrument or layer of the music. They're meant to contribute to the overall aesthetic, not take it over. I can't speak for all metalheads, but I think many would agree that the tone of the vocals is more important than the lyrics or any other aspect of them. So with that in mind, it makes perfect sense that metal vocals are harsher than any other genre's. That's how they best fit into the music. The clean, catchy vocals many people prefer wouldn't work for the overwhelming majority of metal.

Of course, that's just a different way of looking at the music, not the secret to liking it. I wouldn't expect to change anyone's opinion just like that, especially knowing how long it took me to start to appreciate it. Ultimately, metal is still angry, inaccessible and esoteric, all of which would make for kind of a niche genre. However, I appreciate the role that metal fills in music; along with certain types of punk, it's one of the few types of music willing to address the darker parts of people and, on a larger scale, society. There's a lot of social commentary and exposition, and many metal bands revel in topics that few other genres would even touch, e.g. Slayer's numerous songs about serial killers or WWII, or Exodus's Nanking, about the Rape of Nanking in 1937, which I appreciate as someone interested in history.

There's also a lot to be said for the level of musicianship in metal. Many bands are impressively proficcient musicians, like [Megadeth](http://www.youtube.com/watch?v=VXpjtWZn_vU) and [In Flames](http://www.youtube.com/watch?v=PrdGYVir6DU&amp;feature=player_detailpage#t=137s). While technicality doesn't necessarily translate to good music, in metal's case, I think it contributes a lot.

But ultimately what it boils down to is a bunch of sounds that I like and that a lot of people don't. Nothing I've talked about made me like metal, they're just things I learned to appreciate about it.

Edit: deleted and resubmitted because I screwed up the title the first time around.

Edit 2: fixed links. &gt;While Catch Thirtythree is their most accessible album

Interesting. I'm curious to know why you think this. In my opinion *Catch 33* is by far their least accessible album. The entire thing is hard to digest, especially 
the first half since it's quite repetitive. I'd probably put *Obzen* as their most accessible one. *Nothing* is my 2nd favourite by them and one of my favourite albums to drum to.",analysis,
"Bands/Musicians you want to like, but don't. Basically bands that you feel compelled to like, but no matter how much you try, the appeal is completely lost on you.

Mine:

* **Raveonettes** A really poorman's version of The Jesus and Mary Chain, yet I still check out their newer stuff in hopes it'll eventually be quality.

* **A Place to Bury Strangers**  Kind of the same as above. I see the appeal, but it doesn't really seem like there's much to them beyond being influenced by The Jesus and Mary Chain's ""Just out of Reach"" (to the point where they covered the track!). Hell, even their cover of Love and Rockets' ""The Light"" sounded like Just Out of Reach! I don't dislike the band, but it kind of wears thin after a while.

* **Grouper** Like a really boring version of [Flying Saucer Attack](http://www.youtube.com/watch?v=hiCatF0Coz8) dronier material. I was also more annoyed that [Roy Montgomery's portion of his split with Grouper](http://www.youtube.com/watch?v=R02B596uS6k) did not receive more attention. I check out her stuff still, but there's just not much too it, IMO.

* **A Perfect Circle** Eh, Tool-lite. I like some of the tracks, but it feels like a consolation prize for having to wait 5+ years between Tool albums.


* **M83** Not bad, just very thin-sounding, IMO. The ""Lost John Hughes Film Score"" sound they have now just kind of strikes me as odd and not enough of it really sticks out.

* **Explosions in the Sky**. IMO, they were Mogwai/GYBE! for those with ADD. It seemed like their main draw (circa 2001, anyway) was that they were GYBE!'s epic feel, but at half the running time. As much as I love GYBE!, and to a slightly lesser extent Mogwai, I find all the bands they influenced to be completely boring as shit.

* **Sigur Ros** to be fair I haven't checked them out since Agaetis Byrjun, but the vocals really annoyed me. I see the appeal, but I can't really get past the vocals otherwise. Try Bee Thousand before you give up on GBV.  Give it a few listens to sink in, then sing along.",opinion,
"What makes a good break up album? I recently reviewed Haim's ""Days Are Gone"" album from the point of view of someone who has fairly recently gone through a pretty traumatic break up. If you want to hear what I have to say check it out on my blog:

http://greatplainselkies.tumblr.com/post/76695360775/11-reasons-why-haims-days-are-gone-is-the-perfect

I think what makes a good break up album is its applicability to any break up situation. Dealing with the most base emotions. Getting to the very root of why we break up, and why we feel the ways we do before, during and after. I think Haim covers this very well on their album, so I would definitely put it up there in my tops.   Good Apollo, I'm Burning Star IV by Coheed and Cambria is very much a break up album. Claudio Sanchez (the lead singer) has made a massive sci-fi story behind every album, that has then been adapted into various comics and novels.


His girlfriend broke up with him, so he used the story as a way of venting his anger. He wrote some really aggressive lyrics in GA:IV - mainly insulting or threatening to kill this fictional person, and you can really hear the anger in his voice.


Then there's songs like 'Wake Up' - a sad song about leaving someone and missing them. It sounds like one of those cheesy traditional love songs, really contrasting to the rest of the album.


The ability to relate is what makes a good breakup song. Some people like being angry at their ex by listening to heavy music and aggressive lyrics, and some people like to wallow in their sadness by listening to sappy break up songs. It's a matter of preference.",opinion,
"Albums which have production so prominent it could be considered 'the extra member of the band'... I always have a soft spot for albums with exquisite / prominent / experimental production.

Think of an album where the production is almost as much of a talking point as the music, where it is used more like an instrument.

Here are a couple that come to mind.

Burial - Untrue
Joy Division - Closer
NIN - The Fragile Well it almost seems too obvious for this discussion, but I haven't heard ""The Fifth Beatle"" [George Martin](http://en.wikipedia.org/wiki/George_Martin)'s name mentioned yet. 

But for me, the example that stands out is: **The Mars Volta - De-Loused in the Comatorium**

I absolutely love all TMV's output (even just about all of ORL's solo stuff is pretty excellent in my book), but they were at their best only when they Rick Rubin in the booth to tell them to cut out the 'wall-of-noise' sound collages and endless feedback/distortion loops that really disrupt the pace and flow of other albums like *Frances The Mute*.  

I've read and seen interviews where they tactfully admit that they hated recording that album and they said the most positive thing they got from the experience was that they learned what *not* to do--meaning let someone outside the band have an influence in the final product.  They felt like he was constraining them, but I think he was distilling their essence into a tight record.  Each of their albums since them has lacked the necessary discipline to have a really tight album.",analysis,
"Let's talk: The Doors I've noticed that The Doors don't get as much attention on Reddit as bands like The Beatles, Pink Floyd, Led Zeppelin, Jimi Hendrix, etc. and I'm wondering what you guys think of them. I've only listened to The Doors, Strange Days, LA Woman and Morrison Hotel and am a huge fan of them. I haven't gotten around to listening to their other albums because I've heard they aren't very good. 

So what do you guys think of The Doors? Any fans of them on r/LetsTalkMusic? The reason why the Doors don't get the same attention as the others is because they aren't as good as the Beatles, Floyd, Zeppelin, and Hendrix. 

Jim Morrison has a great voice, Manzarek is an accomplished keyboardist, Krieger a great guitarist, and Densmore can keep time. The thing is, when it's all put together, it isn't as great as the sum of its parts, and an honest listen to their catalog will show the glaring deficiencies in the band. 

First and foremost, have you ever tried to comprehend Morrison's lyrics? At times they are strong (""Yes, the River Knows""), but mostly they are either generic, or masturbatory. This ""American Poet"" nonsense needs to stop; Morrison wrote convoluted nonsense, and his spoken word poetry is fucking ramblings. 

People talk about how ""The End"" is such a psychedelic masterpiece, and I will grant that I do enjoy that tune every now and again, and it is entrancing, but how many times did they try to recreate that sort of ""poetic, psychedelic collage"" to wrap up their records? I think a couple times. 

How many of their records are great from front to back? I don't know. I dig the first one, but it certainly isn't perfect. 

I guess this is what it is--they are a good band, and I love them dearly, but when compared to the beautiful simplicity of the Beatles, or the strange elegance of Jimi, or the sheer genius of Floyd and Zeppelin (I mean, HOLY FUCK, between those two bands you have at least 4 definitely perfect albums, and arguably another 4 to boot). 

The Doors are second tier from that era, in the same league as The Who, Kinks, VU, ETC.",analysis,
"Bands which are considered ""One Hit Wonders"" but IYO had more than just one great song. I'll start with Crowded House. This Australian/NZ combo is best known for their big international hit [Don't Dream It's Over](http://www.youtube.com/watch?v=J9gKyRmic20), but they've released 6 albums with amazing variation in their material. From [Fall At Your Feet](http://www.youtube.com/watch?v=82JZh3VyE2M) and [Locked Out](http://www.youtube.com/watch?v=Y9oP8jfhOes) from before their breakup to their post-reunion material like [Saturday Sun](http://www.youtube.com/watch?v=S49d0JaRu1k) they're just such an amazing pop band. I would also be remiss if I didn't mention  Neil Finn did an amazingly moving version of the Crowded House classic [Better Be Home Soon](http://www.youtube.com/watch?v=ps-NiTtb6x4) at the 2005 Arias (the Australian equivalent of the grammys) to honor the original drummer of the band, Paul Hester who died in 2005. I wouldn't call Cake or Ben Folds Five one hit wonders. In fact, I don't know of anyone who has.",opinion,
"What are your personal top 5 favorite artists? (And why?) Here are the 5 artists that have given me the most joy, in no particular order:

Beatles -- They gave rise to the rock tradition, to modern music.  Anything that you hear today stems from The Beatles in one way or another.

Sonic Youth --They remind me of post-post-modern artists who use old, rubber tires and other junkyard objects to create art, in that they use guitar distortions and noise to create, in its ugliness, beauty. And isn't that what art is all about?

New York Dolls -- They gave rise to the whole Glam rock movement. Though glam rock sucks, these are a talented bunch of rock stars that know what they're doing (unlike their successors). Their entire discography is A+ stuff. While both of their studio albums rock, they also are filled with quality content.

Gram Parsons -- If not Johnny Cash, he is the king of country. Blending the popular hippie movement with a relaxed country sound, he creates some of the best music to smoke to.

Neil Young -- Unlike Dylan (which is also one of my favorites), his lyrics are more abstract, but nevertheless poignant. Just listen to After the Gold Rush to see how this man can create melodies. That's the thing - I had high expectations because it's Os-fucking-Mutantes.  I now know not to expect much from a band that is over 40 years old.",opinion,
"What makes a good break up album? I recently reviewed Haim's ""Days Are Gone"" album from the point of view of someone who has fairly recently gone through a pretty traumatic break up. If you want to hear what I have to say check it out on my blog:

http://greatplainselkies.tumblr.com/post/76695360775/11-reasons-why-haims-days-are-gone-is-the-perfect

I think what makes a good break up album is its applicability to any break up situation. Dealing with the most base emotions. Getting to the very root of why we break up, and why we feel the ways we do before, during and after. I think Haim covers this very well on their album, so I would definitely put it up there in my tops.   Empire! Empire!'s ""What It Takes To Move Forward"" - a classically slow, ominous, and unforgiving album..for me, it's a weird kind of sadness that takes itself very seriously and never really lets go of the listener. I speculate that it lags a little in the middle but hits a real deep sorrowful note the last three songs to close out the overall tone of the album.

Brave Little Abacus's ""Back From The Discomfort - We're Alright"" - a more depressing album than anyone gives credit for..if you listen, you'll understand the pinging hints of existential depression of losing something you're close to.

You have to pay attention to both albums because each has a respective sadness that doesn't exactly cater to the notion of being overbearing or obvious. I tend to think that good break up albums are simply a categorization of albums that fulfill a certain type of emotional structure but have no real motive or intent to be in that category alone.",analysis,
"Albums you like but which are loathed by ""true fans"" of the band I'm going to start with RHCP's *One Hot Minute*, I think Navarro's psychadelic and harder rock influences and the abandoning of the band's earlier much more funk oriented sound really produced what I thought was a great album. &gt;inordinate amount of love Bleach and In Utero got were mostly due to Nirvana fans trying very hard to look like they were more profound by not liking their most popular album.

I don't know if I feel like that's really what's going on there... in fact I think there is a different way to read the situation:

My dad introduced me to Nirvana when I was ~9 years old, for about two years, the primary discs I listened to on my CD player were Master of Puppets and Nevermind. 

Nevermind **is** an awesome album. I think that where the disconnect occurs, is that ""rabid"" Nirvana fans (such as myself) consider their other work to be just as good, if not better. Personally, I feel like their B-sides and Non-Nevermind studio recordings are really under-appreciated, so that's why I push them so heavily onto other people who only know the band's Nevermind recordings. 

So that's why I think a lot of Nirvana-fans seem more ready to push non-Nevermind tracks on people-- we (sorry that I'm ""speaking for everyone"" here) just feel like their other songs/recordings deserve equal merit, even though Nevermind is still a bad ass album.

But then of course, there *are* the obnoxious hipsters who just want to dislike what everyone else likes....",analysis,
"What's so great/awful about dubstep?  What's the difference between dubstep and brostep?  (x-post from r/circlebroke)  To me, there are two parts to the problem. One part is the classic ""our scene got popular who are these new kids, get off my lawn"" that any underground genre goes through when it breaks into the mainstream that is immediately obvious with all the Skrillex hate. The second is that one tiny microcosm of the genre, that kind of rolling sub-bass became fetishized and absolutely elevated to completely preposterous levels of ridiculousness while retaining the 'dubstep' banner. 

Dubstep evolved from the grime and garage scenes of the UK which were centered around small shows and labels/mixtapes, and broadcasted on internet/pirate radio. Non-commercial doesn't even begin to describe it. That sound broke through a few times with artists like Dizzee Rascal, but it remains a very localized thing. Dubstep is a very chill scene and is the antithesis of the festival ""EDM"" culture you see Skrillex being billed on in the States. It's a fight for values of production and community. How would you like it if you had a bunch of newcomers crashing into /r/LetsTalkMusic posting a bunch of offtopic stuff and vastly outnumbering the original contributors with no respect for the ideas or circumstances that led to the formation of the subreddit? I imagine you might be pretty pissed too. But on top of that, what if they told all their best friends and posted on every youtube comment that LetsTalkMusic was the place to be on the internet? Shit would hit the fan pretty fast.

I don't purport to be a scribe or scholar of the respective scenes mentioned, as I'm not from the UK. I got into garage and dubstep a bit after the formulative years as well, so don't take this as gospel. A few various styles from that era to start:

[Skream - Midnight Request Line](http://www.youtube.com/watch?v=D6pTSGvp7T8)
[Skream - Rutten](http://www.youtube.com/watch?v=VEmM6vVFrao)
[Digital Mystikz - Give Jah Glory](http://www.youtube.com/watch?v=TwVSOCUqdDI)
[Burial - South London Boroughs](http://www.youtube.com/watch?v=VLIb4RSFK00)

Now, here's a point of contention - Rusko. Rusko has roots in both scenes, the dubstep side of things and the ""brostep"" side. Case in point - [Jahova](http://www.youtube.com/watch?v=Qe4f1ZL8kew&amp;feature=related) from 2007. This is around the period where it all kind of broke. You can definitely tell the difference immediately, Rusko has a more aggressive wobbly LFO bass and more grime-influenced production - it's definitely not as sparse as the dubstep people are used to hearing. You can tell he has roots in dub and 2step though, that much is clear. I've got to roll at the moment but I can chat about this more later on, hopefully this is a good enough primer.",analysis,
"Let's talk: Pop music - what is it? Recently I've encountered an echo chamber of narrow-minded meanings and opinions of the word ""pop"". I'd like to write a bit about why I think it has its place as a genre of great and innovative music. Since we haven't even defined the word, discussion is a bit difficult. Within this post I try to discuss some of the problems around it.

I feel that after the 90's when rock entered bit of a lull, pop artists started to produce the kind of music rock had once been the stage of. I think the lack of certain expectations allowed musicians to experiment a bit more, which lead to more interesting works.

My first case-in-point is **Magnetic Fields** - a great example on the fusion of witty songwriting and creative synth usage. Stephen Merrit's production stretches the meaning of the word quite a bit - a lot of his production dances on the edge of pop and not-pop but it's still usually recognisable. For example, can a song like [Dust Bowl](https://www.youtube.com/watch?v=oyvkXV9_6eY ) be called a pop hit? Perhaps it is in the context - many of us have been accustomed to using the word to refer  purely to songs, but should we expand our definition to include albums? Certainly the song is a part of a definitely pop album so we shouldn't necessarily throw it out.

Secondly I'd bring forth another favourite of mine, **Tindersticks**. Their production walzes the line in a different way again. [Her](https://www.youtube.com/watch?v=No8uFFmCKzo) from their' debut album would seem to be something from a faux-spanish movie, and it's aggressive playing would suggest a more rock-natured artist, but the record is most definitely a pop record through and through. Again, should we see these songs as part of their context in an album?

But things get the most interesting with the so called neo-psychedelia movement. **Olivia Tremor Control**'s *Black Foliage* is a very experimental album but it is yet again placed under the vague pop umbrella. Here we start to see again that the common approach of *classifying music purely by it's syntactic properties* might fall short. Pop doesn't lie in the timbres and the tones, but in the bigger whole. On the other hand, I wouldn't feel comfortable calling it a method of composition such as jazz either. What then makes us immediately recognise a song as it is? On the current decade we have one of the most profilic indie artists **Animal Collective**, whose production spans a load of work from [almost noise](https://www.youtube.com/watch?v=zKU2iS4OMq0) to [radio-friendly ditties](https://www.youtube.com/watch?v=zol2MJf6XNE). 

I feel that one of the unifying themes of the pieces of music here is that they all in some form are made for the listener. They are usually aimed at creating some sort of emotional feedback - compared to say Merzbow or La Monte Young whose compositions can be some of the most ""sterile"" out there. This quality is certainly not unique to pop, and I also feel it might be a bit too broad to properly categorise all music in the category.

The second quality that seems to constantly emerge is the lyrical focus on people or at least stories. Pop doesn't dwell on the abstract or things that don't matter, but on people's lives and aspirations. Perhaps this is one of the reasons that makes it so impacting to many of us.

How these traits end up producing music that often shares several syntactic qualities is also an interesting question. One of the most striking is rhythm - I have never heard a pop song without a rhythm. Is it something fundamental to telling stories about people, or could a skilled songwriter let it rest?

Regardless, it is still great to see how year after year we see new and fresh pop albums that bend the boundaries and let us reimagine what we think the word to mean. I'm sure the future has a lot to bring to the genre yet.   Here's why I think pop can be such a confusing term.

As Richard Peterson writes in *Creating Country: Fabricating Authenticity*, there are essentially three categories of song: the art song, the folk song, and the popular song. They differ in intent, origins, aims, creation process, etc. So pop as a category of music really refers to commercial music, music written and intended for purposes beyond artistic (art music) and beyond the communal (folk music). This definition of pop as commercial has gotten exaggerated (partly because most consumers listening habits have dwindled to the category of popular music, thus demanding further differentiation within the category), so that a lot of people understand pop music to be music on the furthest end of the commercial scale (eg manufactured Top 40). A lot of underground/independent releases seem to tip more towards art music, as they're less commercially viable/oriented/derived. So that's one way of looking at pop music - as a category based on how the music is written, the intent the music is written with, the intended audience of the music once written, and finally, the context within which it is understood and listened to. (also, fairly relevant, the value of authenticity is a big indicator of which category music will fall into, and I talk a bit about authenticity and pop music in a response to [this](http://www.reddit.com/r/LetsTalkMusic/comments/1tjxc3/lets_talk_lorde_macklemore_and_authenticity_in/) thread).

Then there's pop as a genre within the category of pop music, which, like all genres do, focuses on musical characteristics rather than contextual/creative characteristics in its definition. Pop as a genre is a little less concrete, but I think the commonly understood musical grounds for pop can include: hooks written with catchiness in mind, lighthearted subject matter or delivery (rarely dark in both areas), emphasis on sonic beauty (versus grittiness, distortion, lo-fi, etc), melody-driven, often based around simple I/IV/V progressions. Lacking of electric guitars, or often guitars in general, seems to be a pretty common theme though by no means a rule. Of course there are exceptions to all these elements, and countless examples that break or do the opposite of characteristics listed. It's just that, when songs have a lot of these aforementioned qualities, they probably have at least some sort of pop sensibility.",analysis,
"Apologies if this has been covered...but, was anyone else extremely disappointed with Animal Collective's ""Centipede Hz""? I got into Animal Collective about 6 or 7 years ago, right around the time of *Feels*, and I fell for them *hard*. I still think they're one of the best and most unique bands currently making music, but I was very disappointed with *Centipede Hz*. I had high expectations, sure, but they were justified, because to my mind, they were growing  and getting better by massive leaps and bounds between albums; even their between-albums EPs were incredible works unto themselves.

So, anyone else think *Centipede Hz* was mostly forgettable? (With the exception of ""Monkey Riches""...I fucking love that song). The biggest problem was the mixing/mastering, and the fact that the lead single was the ""LOL so random XD"" Today's Supernatural, which really just comes off as being generic and bland because it feels forced.  

Abandoning Honeycomb and Gotham from the album didn't serve a purpose.  

A lot of tracks really didn't have the energy that other albums had.  The only exceptions are Amanita, Wide Eyed, and Mercury Man.  Most of the tracks are pretty good, but none of them are standouts.  All of the singles and songs they've played on late night were poor choices to represent the album.  Rosie Oh sounds nothing like the rest of the album, and Today's Supernatural and Applesauce are pretty bland.

I still enjoyed it, but not as much as many of their other albums.  I prefer Spirit, Feels, MPP, and SJ.",analysis,
"Lets Talk: Songs That Are Better On Live Albums. So basically songs that are maybe lacking something in the studio that really take on a new life on a specific live recording.

For example I have always thought that This Must Be The Place (Naive melody) by the Talking Heads sounds much better on Stop Making Sense than the studio version. Same for the version of Born in The U.S.A by Springsteen on Live 1975-1985. The live setting really brings out the power of the song that is buried under a really bad 80s production on the album.

Has anyone else felt this ? 156 by Mew - The live in Copenhagen version holds back on the drums and makes it way more moving. Also, he sings the melodies slightly differently which makes them really stand out.",reaction,
"Let's talk: Nirvana's rise to fame. To me, it is absolutely incredible that a band like Nirvana could ever break into the mainstream and gain the overnight success that they did. If you were to have shown me Bleach in 1989 and told me that this band was going to be the next big thing and that they would revolutionize pop music in the 90's, I would have laughed me ass off at you. There is no doubt that Smells Like Teen Spirit was the song that made this leap all possible, but the amount of acclaim that they received was off the charts (I think DGC expected Nevermind to only sell about 50,00 copies or so). So what exactly was it that made Nirvana? It just seems so incredible that they could have such a profound impact on the music industry, but if they would have released ""Territorial Pissings"", ""Endless, Nameless"", or ""Stay Away"" as their singles, they would have just been another Seattle band that faded into nothingness. Maybe someone that was able to experience the grunge movement for themselves could give me some perspective (I was born in 1994). Or maybe someone that was a Nirvana fan pre-Nevermind could give some insight as to what is was like to have everyone suddenly listening to your favorite underground band. I think the two components of Nirvana's success need to be separated a little bit. The first component was the rise of the ""grunge"" esthetic, which many have attributed to a backlash against the excesses of hair-metal. To the extent that this is true, it has little to do with Nirvana in particular.

The more important component I think is what separated Nirvana from a lot of their contemporaries in that ""grunge"" esthetic. And personally I think the answer is pretty simple Kurt: knew how to write pop songs. That is, songs that are relatively simple to digest, energetic, and feature a strong hook.

Which isn't to say Nirvana didn't have lots of good stuff going on under the hood, stuff that serious music listeners can dissect and appreciate. But at the end of the day, that alone is not enough to make an iconic band.",analysis,
"Let's Talk: Vampire Weekend - Modern Vampires of the City I'm really impressed and this is a huge improvement over ""Contra"", which I was iffy on. It flows wonderfully, and the songs have more space and maturity. This is an album I see myself listening to 5 years from now too.

Your thoughts? I really, really like it, but I'm not too sure why people are calling this album so much better than their first two. If I had to rank them, I'd say their first album is clearly the best, with this and ""Contra"" at about the same level. 

Favorite songs: ""Unbelievers"", ""Diane Young"", ""Ya Hey""",opinion,
"Music that revolutionized your taste in music. What are the bands that opened up whole new genres for you? 

When I was 16, I got into Streetlight Manifesto. I had already been listening to some punk and third-wave ska, but after listening to them, I got really into it. Gone were the days of listening to blink-182 and Reel Big Fish, I got into the more hardcore style. It made me appreciate bands like The Clash a lot more. 

I really loved how they were able to fit in so many instruments at such a high pace. I never heard something like this before, the way they combine punk with lots of other types of music. I don't think I ever heard a band that is similar to Streetlight Manifesto. Too bad they are overdoing their own sound now.

Streetlight Manifesto: http://www.youtube.com/watch?v=xo76ijhUqjE

Then one day, I found out about a band named The Skints. I heard about them after going to a Streetlight Manifesto show, talking about ska with people. They are closer to the true Ska sound, unlike bands like Reel Big Fish. They mix their ska with dub, reggae and a bit of punk. It pulled me away from third wave ska and got me into Desmond Dekker and The Specials. They don't have much of their stuff on youtube, but their first album in my opinion, as a whole, is one of the best I've ever heard. Took me like 5 whole listens to appreciate it, but now that I do, I really love it. 

Give this band a shot if you like diversity in the songs, multiple good vocals, and just the feel of an album, and not 11 random songs put together on one CD.

The Skints: http://www.youtube.com/watch?v=iRpfIsyLcBc (their first song on the first album, it flows right into the second on the album, too bad you miss that here).

After having listening to a lot of punk and ska, I had to listen to something new. I asked around a lot, on what people were listening to, but for some reason, dubstep, electronic music and metal don't suit me at all. And if you ask random people, they will most likely recommend that kind of music. But someone on a football forum of all places got me listening to a band called Alison's Halo. I fell in love with them instantly. 

The vocals were so soothing and the guitars were perfect together with the vocals. This got me into the shoegaze/dreampop stuff. My Bloody Valentine, Slowdive, Airiel, etc. 

Alison's Halo: http://www.youtube.com/watch?v=W218HJXj8Fo 

My latest revolution in music taste came from Neutral Milk Hotel. A girl I had a crush on told me about this band, and a few months later, I gave it a real shot. Now In The Aeroplane Over The Sea is my most listened album (at this moment) and I am listening to bands like of Montreal, Elf Power, Beulah, The Apples In Stereo and even more punky folk stuff like Andrew Jackson Jihad, back to the punk stuff where it all kinda started for me. Also the reason why this video just gives me chills: http://www.youtube.com/watch?v=H5CQYXdZDNY
If only I could have been there...

Bands like this make me appreciate various instruments apart from the guitar, bass and drums. A high school kid will tell you the trumpet or violin are gay. I love those instruments. You can make great music in almost any genre with those instruments. They should teach this at school (they don't in Holland). 

Neutral Milk Hotel: http://www.youtube.com/watch?v=XLaFLztnL84

I'm curious as what I'll be listening to in 5 years. Maybe I'll get into more electronic music and dubstep. It's just amazing how much good music there is to be found. I never heard of Neutral Milk Hotel a year ago, yet they are a very big name in the music scene. It's sad to know that I will never get to enjoy all of it. 

Sorry for the long post, and if this invites ""list-like responses"". I hope you will post similar stories to mine, and mention why the bands revolutionized your tastes.  Captain Beefheart produces some of the most unconventionally, wickedly fun music I've ever heard.",opinion,
"Pink Floyd - The Wall I just listened through the album for the first time. 

I am feeling horribly empty. The reverb, the echoes, the static of the TV, the distant hazy voices, the sheer desperation... this is a devastating album, but epic in a microcosmic sense. Universal, yet subjective. Everyone has their own mothers and walls. 

Disc 1 chronicles the bricks, the slow descent of sanity and ascent of the wall. I was listening to [""Mother""](http://www.youtube.com/watch?v=gmmKzEKYvdM) when I realized Pink just wants someone to hold his hand. He's retreating and keeps trying to return to her. 

Disc 2 starts off with a deeply ominous tone. Aeroplanes, the lack of control, the death of innocence. And in [""Empty Spaces""](http://www.youtube.com/watch?v=ARXKvVeVtXg) Pink is trying to fill those empty spaces with emptiness. And then he's so bitter and angry and loud, which escalates further and further until it all blends together into incoherent droning broken by... that single, final slam. Pink angrily destroys his house in [""One of My Turns""](http://www.youtube.com/watch?v=IqEytMfQCLI) but that final ""Why are you running away?"" sounds full of despair and desolation. His cutoff ""goodby-"" as the wall is completed in [""Goodbye Cruel World""](http://www.youtube.com/watch?v=FD-R7KsE3-Y) was particularly striking. 

The next disc is full of all this fuzzy noise: the sound of an empty room. ""Divided we fall, fall, fall, fall"" and falling. Then again with the layering on ""Is there anybody OUT THERE!""

And finally, we get to the end. He becomes a dictator. The Judge in his mind commands to tear down this wall. And the album ends on a lukewarm note. Loneliness is still there. And the ending! ""Isn't this where we come in?"" This reminds me of a [Hopper](http://foxpudding.files.wordpress.com/2010/10/hopper2auto.jpg) [painting](http://www.artchive.com/artchive/h/hopper/nighthwk.jpg) or of Caldwell's [*Tobacco Road.*](http://en.wikipedia.org/wiki/Tobacco_Road_(novel\)) It continues this never ending cycle, or maze rather, of isolation. 

My friend and I were trying to match this up with Campbell's [monomyth](http://en.wikipedia.org/wiki/Monomyth) if anyone here's familiar with that. My friend thinks that the album as a whole focuses on the Initiation (into a person), which I definitely agree with. Women and the Mother also match up. I think some version of a ""Confrontation with the Father"" occurs during ""The Trial"" and that Pink is narrating from outside the wall, where he has experienced both worlds to some extent. I'm not sure he ever achieves the final step of accepting mortality and living though. 

Anyways, I've talked for long enough. I'm interested in hearing your thoughts on this album! I'm writing this right off of my first listen-through, so please add anything I've missed. 

-------------

**EDIT:** Added links and pretty pics. This is a great discussion so far!  Watch Live at Pompeii first.",analysis,
"Let's Talk: Vampire Weekend Vampire Weekend are a band that has had great success both critically and commercially, and yet many of the ""serious"" music fans I know (people who actively seek out new music, read music blogs, frequently attend concerts, etc.)  seem to hold a grudge against them. I too used to sort of write them off as an overrated band with so-so pop songs, but the more I heard people discussing them there seemed to be sort of a cultural component to the hate for them as well.  For those who don't know, they are four guys who started a band in their dorm rooms at Columbia University in New York in 2006. In 2007 they gained a lot of buzz for their single [""Cape Cod Kwassa Kwassa""](http://www.youtube.com/watch?v=f5ksJ7TN2xA) and in 2008 released their eponymous debut which went on to general acclaim and album sales of over 500,000.  However they also got a lot of flack for their perceived image of preppy, spoiled, (mostly) white rich kids with ivy league degrees (some even criticized their drawing of inspiration from afropop music for a variety of reasons, primarily that they had no relation or understanding to that music's cultural significance).  Pitchfork media writer Scott Plagenhoef said about their lyrics: ""...detail-heavy, expressive; too bad they're images of wealth instead of poverty, otherwise they'd be critical manna.""  for a more in depth examination of the sort of criticism they received, here is a [village voice article on them from 2008](http://www.villagevoice.com/2008-01-22/music/please-ignore-this-band/) around the time of the release of their first album.  

  In 2010 they released Contra, an album that amplified their signifiers such as hyper literate lyrics, and ""stealing"" sounds from a wide range of styles (no longer just afropop), but also provided more of a narrative arc to discuss the place that class has in our relation to art (particularly punk and rock and roll), how much the upperclass should take their own fortunate circumstances into consideration when faced with day to day life and comparatively small ""first world problems"", and a variety of other things.  Contra for me is what got me to start liking them more, because it was incredibly smart, catchy, and was, in my opinion, the perfect response to all their critics. It reflects a lot on why we separate ourselves into groups based on stuff like class and what, if anything, those tags really mean.  Their new album, Modern Vampires of the City, is out May 13th/14th and lead singer Ezra Koenig has said it's the finale to a trilogy of sorts, their debut and Contra being the other two albums included.   

 What are your guys' thoughts on Vampire Weekend? 

 How much should their image play a role in our perception of what they have to say? 

 They've sold over a million albums, which feeds into the question of can privileged people ever be considered a victim when their positives outweigh the negative? Rock and Roll has historically been tied to rebellion and overcoming struggle-- is there a place in rock and roll for artists who not only come from privileged backgrounds, but where that background at times is directly tied into/evident in their music?

Did Vampire Weekend indeed pillage and cheapen a unique cultural sound, or was their inspiration by it just as legitimate as any other artists?  

Are they actually a culturally important band, or are their critics right in writing them off?


  Hopefully this was coherent, I've only really started exploring them as a band in depth these last few days and was wondering what other people's thoughts were.  Obviously, some people simply don't like their music for reasons totally beyond their image or lyrics which is fine, obviously, but I think they seem to be very divisive amongst listeners and make for great discussion because of that.  Also, sorry that this was really sort of rant-y. I'm not sure if it is all that coherent, so I may go back to edit and make it more succinct and such if the need arises.  

  Some of their songs:  

[Oxford Comma](http://www.youtube.com/watch?v=P_i1xk07o4g): A song that actually criticizes elitism through grammar/language snobbery, but was/is often misinterpreted as them being grammar/language snobs themselves.  

  [Taxi Cab](http://www.youtube.com/watch?v=kHljPP-4Z4g): a song from Contra that deals with whether or not the guilt that comes with privilege is similar to a distrust/dislike for the privileged (""you're not a victim/ but neither am I""), and if any of it is justified at all (""But I know that I was never fair/ You were always fine"").  

  [Horchata](http://www.youtube.com/watch?v=7k7ueRrKRmo): one of their more ""pop"" songs that some critics used to argue against them based on sound/composition and lyrics.

  And the two singles from their new album, [Diane Young](http://www.youtube.com/watch?v=mX46e4GtlXM), which i think is a good example of them broadening their sound while still trying to make intelligent pop music, and [Step](http://www.youtube.com/watch?v=_mDxcDjg9P4), which I think includes some of the best lyrics Koenig has written. Something I'll add to the discussion - Vampire Weekend as a live act.  I'm a fan, so this is may be somewhat biased, but I would highly recommend seeing one of their shows if you can.  

A few people have commented that VW's sound can be very clean or sterile - and I agree somewhat for their recorded stuff.  But live...they pick up the tempo, turn up the volume, and the whole thing is a lot more chaotic, which I think adds a cool dimension to their sound.  If you're on the fence about them I would definitely recommend checking out a show and see what you think after.",analysis,
"What does your musical journey/timeline look like? * **Earliest memories-8:** Things my parents listened to my favorites were Beatles, Animals, Smiths, Eurythmatics, Talking Heads

* **8-11:** Moved to new neighborhood and hung out with hoodrats who listened to hip hop/rap. Really into Domino, Warren G, Snoop, Dre, that stuff. On my own I was really liking Nirvana and Sublime, the very first album I remember personally purchasing was Nevermind around 8. When I was 11 for 6th grade air guitar I did Smells Like Teen Spirit. I wanted to do Milk It or Aneurysm but the one kid at the school who would do it with me would only do Smells like Teen Spirit. 

* **12-13:** Started to get into more punk stuff, started with clash, pistols, ramones, nofx, lagwagon, pennywise but never really got into it, wanted something harder and not so whiny/blink 182 sounding so moved on to dead kennedys, Crass, OpIvy and fell in love.

* **14-17:** Super into punk, hardcore, crust, thrash, all 'crazy' music like that. Some favorites in that era were Aus-Rotten, Crass, Rudimentary Peni, Filth, Blatz, Mankind, Submission Hold, Locust, Melt-Banana, Charles Bronson, Dystopia, Nausea, Sex on the beach, Anal Cunt, Plutocracy, DooM, etc.

* **18-20:** Start getting bored with punk and getting more into indie rock, living in socal there was a really good scene going on back then. Stuff I loved were Black Heart Procession, GoGoGo Airheart, Holy Molar, Get Hustle,  Gang Gang Dance, Rapture, Animal Collective.

* **20-23:** Start getting bored with all the music I was listening to and start looking in the past. Fall in LOVE with the Kinks (went about a year straight somewhere in there ONLY listening to the fucking Kinks), Beatles (again), Small Faces, Silver Apples, Os Mutantes, Talking Heads (also went a few months in there listening only to TH and Os mutantes), Hawkwind, Monks, Devo, Troggs, 13th Floor Elevators, Love, The Seeds. Some newer music includes Fiery Furnaces, Silentist, Witch Hunt, 3 mile pilot, Godspeed!, Bad Plus.

* **24 and on:** The things that have stuck is everything from 14 and on as well as Nirvana, Crass, and Op Ivy. Lately though I have been on a HUGE Kinks kick, listening to other things sparingly, their album Percy is so beautiful yet under-rated I think, it has me playing it on repeat these days.  Yes.",reaction,
"Let's talk about audio quality. Does it matter if your music is coming from a great set up or tiny speakers? Do you care about FLAC or is 128kbit/s fine? Personally I'd hate to ever be an audiophile where everything needs to sounds exactly ""perfect."" I think good music should sound good regardless of where it's coming from. I spent years listening to most of my music on a tiny alarm clock radio and now that I have a speaker set where I can dial the sound a bit I sometimes wish I didn't have that option. Yeah, it's great to have loud and full body music, but fuck if it isnt annoying to be listening and think ""Is the bass at the right level for this song? I could adjust it, but oh then maybe balance out the treble because of how these speakers are..."" Fuck that. It's going to change the song, it's not going to change the emotion or the intent or the real soul of the music. It's just a way to make me think I'm listening to something ""better.""

On the other hand there's my car set up where the stock speakers are bass heavy and I can feel rattling when before I could barely hear the bass. Modest Mouse is not supposed to have a BOOM to it. God I wish I could tweak that set up but oh wait then it's like my home speakers and I'm stuck either worrying about perfect sound quality or putting up with subpar settings. I will say that listening to music through my laptop speakers, 128 kpbs MP3s aren't that noticeable, but through headphones? No way. I mean, I can still hear the melody, but there's something very off about the whole thing.

I don't think I would put VHS vs DVD as being on-par with the debate between low and highbitrate MP3s. I'd say a 128kpbs MP3 is akin to a VHS tape that has a slight warping around the frame of the video; it's maybe not enough to take the enjoyment out of the movie completely, but it's a consistent distraction. I would also posit that those who can't pick out a bitrate lower than 192 kpbs probably aren't really sure what to look out for. Songs with a lot of treble (i.e. Jesus and Mary Chain's ""Psychocandy"" album.) are immediately noticeable while other tracks are a bit more subtle (the hi-hats in a drum kit are usually the give away to me); but once you notice the differences, it's really hard to unnotice them.",analysis,
"What have you been listening to? (3/05/14) /r/letstalkmusic is starting a fun and exciting new thread inspired by /r/truefilm. Each month I will be posting a WHYBLT? (fantastic acronym if I do say so myself) where we can talk about what music we’ve been listening to. The format, as of right now, is as follows.
___________________________________________________________

**Band Name**: *You must write a description of the band and what you find enjoyable/interesting/terrible/whatever about them. Try to really show what they’re about, what their sound is like, what artists they are influenced by/have influenced or some other means of describing their music.*

[Artist Name – Song Name](http://www.youtube.com/watch?v=PxLB70G-tRY) If you’d like to give a short description of the song then feel free

___________________________________________________________

**PLEASE INCLUDE YOUTUBE, SOUNDCLOUD, SPOTIFY, ETC LINKS!**

This thread is meant to encourage sharing of music and promote discussion about artists. 

Any post that just puts up a youtube link or says “I've been listening to Radiohead; they are my favorite band.” are discouraged. Make an effort to really talk about what you’ve been listening to.  **Fall Of An Empire** 

https://fallofanempireband.bandcamp.com

Found them over /r/stonerrock, and goddamn are they good. Very blues-y stoner rock, sort of like a bluesier Alabana Thunderpussy, or a slower, more deliberate Corrosion of Conformity. 

The other thing I found interesting, at least as a guitarist, is that the guitar tone, particularly on Vagrant Blues, is perfect. Enough bite to give a good oomph on each note, but still beefy enough on the low end to give it presence without sounding too sludgey. 

Buy their album, we need more stuff like this. 

Standout tracks:
Vagrant Blues, The Hero, Omega",opinion,
"Discussion: Albums that did not live up to the hype for you (and why you think they dissapointed you) For me, I would have to say Spiritualized's *Ladies and gentlemen we are floating in space*. The best reason I have for it is it sounds over-produced to me. I know that word it thrown around a lot and it doesn't mean much, but it sounds like all it's trying to achieve is that buildup to chill-inducing moment in some of my favorite songs. The problem is that all the songs seem to do it, and it just doesn't work for me. So r/letstalkmusic, what are yours? I'm willing to give Kanye the benefit of the doubt (I find it really hard to like the guy), but I just don't see what makes this album so brilliant. It really just sounds a lot like the stuff I've been hearing on the radio for the last few years. Like most pop music, the music just seemingly enters your consciousness without any recollection of hearing it for the first time. That's how the songs on MDTF were for me. 

When I finally just downloaded the album to see what all the hype was about my first reaction was just, ""Oh wait. these are all those songs that have been annoying me this year."" I really don't see what makes it such a monumental pop album. Hip Hop now just has no bite, it's sounds so watered down and bland in comparison to older or underground stuff.",opinion,
"Let's talk live performances. What bands have you seen that you felt had the best live performances? What qualities did they exhibit that made them so good? (Was it their ability? Demeanor? Other factors?)

I saw Rush last April, and it was one of the best live shows I have ever seen. Their songs had so much energy, and the listening experience was out of this world.

Similarly, I saw Powerglove not so long ago, and they were excellent showmen as well. The front-man really knew how to play with the crowd. It was a small venue, and he really interacted with us a lot. My favorite shows:
Mogwai, 2006, 9:30 Club, Washington DC-  It was just two hours of walls of brilliant, glorious, ear-splitting guitars.  You close your eyes and imagine it's giant, six-foot-five, valhalla-looking dudes playing.  Then you open your eyes, and it's a bunch of pudgy dudes in Soccer jerseys. Brilliant.  For that matter, they were equally as good at Coachella in 2004, so at least they're consistent.

Daniel Lanois, 2004, 9:30 Club- The whole show was just him and a drummer, and he was still able to fill the room.  I said this in another post, but he uses reverb like it's a separate instrument.  I had goosebumps for the entire set.

Percy Sledge, 2006, Alley Katz, Richmond, VA-  I have no idea how he ended up playing in that dive, but his voice was as strong as it was in the 60's.  The sound in that place was normally abysmal, but when his voice broke up in the monitors during ""When A Man Loves A Woman,"" for a minute I understood what all those music dinosaurs were talking about when they talked about how ""new"" music just couldn't match the level of talent that their music had.  Not that I don't think that sentiment is total bullshit, but I knew then that I could go home and practice all I wanted, but would never be able to reach the level of musicianship that Sledge and his band had. 

Leonard Cohen, 2009. Tower Theater, Philadelphia, PA-  See above re- Percy Sledge.  I don't know how he did it, but the musicians he assembled to back him were just phenomenal players.  And I think I teared up a little during his spoken word ""Requiem.""  And  I usually hate poetry.",analysis,
"Animal Collective In Washington - Huzzah! Lovers/Haters, Come On In! **EDIT** I apologize beforehand if my phraseology upsets you; I was a bit tipsy when writing my initial post

Just bought myself one of the best birthday gifts ever: tickets to see Animal Collective in September! Totes excited and can hardly wait to see them. I don't really have an overall purpose to this post, other than to get some opinions on the band I guess, and to see if anyone else is going to see them this year!

I know they get a lot of hate (hey, a lot of my friends can't stand them) and I can totally see why some aren't fond of them. At first, a lot of it may seem like a bunch of noise. Hell, I really hated them when I first heard them. But some*thing* brought me back over and over again, wanting to listen to them more and more. I went from an anti-Animal Collective person to a full-blown Animal Collective fanatic almost overnight. 

For me, almost ALL of their songs make me *hear* and *feel* beautiful colors. I'm not one to drop acid or smoke the ganja when I listen to their work, but I can still feel like my mind is going somewhere different - somewhere fantastic. I know that music is very subjective, but I always feel an overwhelming joy when I listen to them. It feels like a big wave of ""hey, have fun and be happy because you CAN"" hits me and nothing is going to stop it. To me, almost all of their songs have positive messages (but again, music is completely open to interpretation). 

There are also those songs that sound so unbelievably beautiful to me like [In The Flowers](http://www.youtube.com/watch?v=SY8WH8qgBLM), [Loch Raven](http://www.youtube.com/watch?v=WiGI_UsWcWs) and even [Safer](http://www.youtube.com/watch?v=4rvPX8UlQ78). Just like a Pink Floyd album, I feel it's best to just sit down, put on an Animal Collective album and enjoy the music that these young men have put their hearts and souls into and appreciate it for being a wonderful expression of their emotions/feelings. (I'm not comparing them to Pink Floyd, just comparing the fact that I think one should sit down and focus on the albums of these bands to truly have an appreciation for the music they have made).

The albums that really make me *hear* and *feel* colors the most are Feels, Strawberry Jam, and the EPs Water Curses, People, and Fall Be Kind. I thoroughly enjoy all of their albums save for Danse Manatee, Here Comes the Indian and a bit of Spirit They're Gone as some of it definitely does sound very abrasive, almost *daring* the listener to like it (not saying it's bad, just saying it's a bit abrasive for my own taste).

**TL/DR** I ~~like~~ **love** Animal Collective a whole lotlotlot; I get to see them in September; post your opinions of the band if you fancy
 Get ready to be disappointed. Love this band and will never see them live again.",reaction,
"Let's talk Prince I don't understand why Prince received so much critical acclaim in the past. I've listened to a couple singles and the entirety of the ""Purple Rain"" album; which is generally regarded as his best, and came out fairly disappointed. His songs all sound really dated, and other than the occasional nice sounding guitar solo or high note sung, don't do much musically to keep my attention for long. 

Now, I consider myself a pretty open minded person when it comes to music but I just can't get myself to enjoy his music. Is there anything I'm missing? Historical relevance?       Damn, I really wish that Universal didn't take down all these Prince videos, but maybe I can convince you that some of his compositions are not boring and bland by just describing them.

[""Head""](http://www.youtube.com/watch?v=XwaJloqM_9c) (woo I found one) and ""Sister"" come from his Dirty Mind record.  ""Sister"" is a fairly standard 80s pop song, but one about how a 16-year-old Prince learned the ways of love from his 32-year-old sister.  Icky, yes, but boring and bland, no.  ""Head"" is a musical predecessor to many of his funkier tracks on follow-up masterpiece *1999*, has a chorus that says ""I give you head til you're burning up/head til you get enough"" and verses that sing about Prince cumming on his girl's wedding dress.

""If I Was Your Girlfriend"" is possibly Prince's best song.  Prince's voice is pitched up in the mix, helping the song stand out amongst other Prince songs.  The pitched-up vocals help him sound more like a woman, but he also sounds like a space alien.  In the song, Prince sings about how he loves his girl so much that he wishes that he was her girlfriend, so he could be her best friend.  If Prince were a girl, he theorizes, he could have an even more intimate relationship and they could be even closer (and of course, because it's Prince, their sex would be even better because they would know exactly how to please each other).

I'm not sure if you've listened to Sign 'O the Times or Dirty Mind yet, but you should definitely check them out.",opinion,
"I think people should give early Beatles another chance I hear a lot of dismissal of pre-Rubber Soul Beatles as mindless pop music that is clearly inferior to mid to late period experimental Beatles. While the lyrics of their early songs are all dealing with love and that can get very repetitive, they accomplish a lot musically. As you get further into The Beatles career the band starts to split apart (they sort of start sounding like they will in their solo careers). In their early days you get to see them as a tight unit with a gift for rhythm, melody and harmony. This is a time when Lennon and McCartney actually did collaborate a lot rather than just their names appearing together in the songwriting credits. I generally prefer mid-period psychedelic Beatles but I have found myself appreciating those early albums (if only because I haven't overplayed those to death). Also it is pretty experimental (for pop music at the time) just in more subtle ways. So I implore people to give early Beatles (and early rock n' roll) another chance. Not everything needs to be concept albums and weird time signatures! The most lauded pop group of all time needs more praise.

Some great songs from the early days:

[What You're Doing] (http://www.youtube.com/watch?v=F-75xwiT99Q) This song is amazing!! It has that awesome 12-string guitar riff that The Byrds would end up practically defining their early sound around.

[Any Time at All] (http://www.youtube.com/watch?v=GD95QaVTH1U) The intro to this song is fierce. The middle 8 is a bunch noise and piano chords. Great stuff.

[I Feel Fine] (http://www.youtube.com/watch?v=V_BjqTrGf2g) Some great guitar playing and harmonizing on this song. Also first instance of recorded feedback. 

[Tell Me Why] (http://www.youtube.com/watch?v=tmtaw0fr0xI) I love how loose this song sounds. Also amazing harmonies.

[There's a Place] (http://www.youtube.com/watch?v=PHED4QKyqgQ) The harmonica sounds amazing on this track. Also Paul and John sing their hearts out. 


 I love early Beatles. They're so much happier than their older stuff. I find that a lot of of older stuff puts me down, like Eleanor Rigby and The Long and Winding Road. Although the last half of the existence of the band (after Rubber Soul) was great and I still loved it, I enjoy listening to their earlier music a lot more.",analysis,
"Let's Talk: Sellout Albums The term sellout is thrown around a lot. And most of the time it's negative, but I don't mean it to be negative. What I want to talk about here is albums in which the band A) Sold more records than previous albums and B) The band (maybe even slightly) changed their style to do-so.

When someone says sellout album to me, I think of 4 specific albums:

*Muse - Black Holes and Revelations*

This album was less heavy than previous works. It was around the release of this album that compassion between Muse and Queen became common. I couldn't find exact numbers, but it was their highest selling album at the time.

*Metallica - Metallica (Black Album)*

I'm sure no one needs an explanation as to why I feel like this is a Sellout album. Metallica abandoned their melodic, harmony-filled style in favor of a more simplistic, slower, catchier, style. This album went 16x platinum.

*Modest Mouse - Good News for People Who Love Bad News*

We see a lot of changes in this album. While not every song on previous albums were long, this album only has one single song over five minutes long. The songs are more hook based, and there is significantly less use of the whammy bar on the guitars, which was a staple of their sound up to this point. It sold 1.5 million copies, their highest selling album to date.

~~*Bob Dylan - Bringing It All Back Home*~~

~~This was Dylan's first electric album. It really pissed off a lot of people. Dylan went on to continue to play electric for the rest of his 40+ year career.~~

Edit: Fair enough, I suppose Dylan was in fact, NOT selling out.

*I'm not by any means saying these are the only Sellout albums, or even the best 4 examples. These are just personally what comes to mind for me.

The interesting thing about these albums, is that even though each of them represent a point in the artist's career when they changed their sound for the mainstream, I think they are all very good albums. (Maybe with the exception of Metallica) I listen to all of these on a regular basis. In the case of Muse and Metallica, most people would argue that the quality of their work decreased after the release of these albums. Modest Mouse and Bob Dylan, on the other hand, have released quality material even after a dramatic shift in their sound.

What are your thoughts on Sellout albums?
 The only difference here is really the production. The songs have always been dumbed down and not really challenging.",analysis,
"panned! (or: records you love that critics hated.) this is a good question to ask at a slow party if you end up talking to another music head. I've seen a bottle get broken out of sheer enthusiasm during the explanation^# , so I'm hoping for something interesting from reddit.


I have a lot of these, but Scott Weiland's *12 bar blues* is a good one because it wasn't just dismissed by critics, it also didn't sell very well and has completely fallen into the margins of history at this point. especially given that you occasionally have to remind people [who Scott Weiland is.](http://www.youtube.com/watch?v=ht672-wYelc) *spin* and *rolling stone* hated it (I think David Fricke called it confused and indulgent), and stone temple pilots fans rejected it on principle for not sounding like STP. but the record remains outrageously interesting even just for being a weird hybrid of grungy glam, lounge, and extremely aggressive electronics a la layers of heavily distorted theremin. these production decisions are really what keeps the album together, constantly jumping between being so prominent as to virtually throttle the rest of the music and being barely audible. and, as if that wasn't enough, this all happens on top a revolving door of songs that sound kinda like tom waits teamed up with slade to cover *hunky dory.* there's also this guy named [Victor Indrizzo](http://www.victorindrizzo.com/) who has credits all over the record; I have a suspicion that he had a lot to do with the adventures in sound contained thereon, particularly because Scott's second solo album sounds [nothing like this.](http://www.youtube.com/watch?v=yrXyzGvpuxA)

select cuts:

* [jimmy was a stimulator](http://www.youtube.com/watch?v=fiWpW1HacfU)

* [cool kiss](http://www.youtube.com/watch?v=sxGG81vrT2A)

* [desperation no 5](http://www.youtube.com/watch?v=REumfh2DFMA)


^# to pre-empt the first comment, the record was *monster* by REM. in the late 90s, that certainly seemed to be the case. But since the reformation, it seems like everything up to Children of God is the only era (outside of Soundtracks from the Blind) that gets acknowledged. Gira himself doesn't even seem too keen on that era as he's basically let that entire era, outside of The Great Annihilator and Soundtracks, go out of print (see: 3rd World of Skin album) or half-heartedly compile most of White Light and Love of Life into the Various Failures compilation (which also possibly not in print)",analysis,
"Let's Talk: Sellout Albums The term sellout is thrown around a lot. And most of the time it's negative, but I don't mean it to be negative. What I want to talk about here is albums in which the band A) Sold more records than previous albums and B) The band (maybe even slightly) changed their style to do-so.

When someone says sellout album to me, I think of 4 specific albums:

*Muse - Black Holes and Revelations*

This album was less heavy than previous works. It was around the release of this album that compassion between Muse and Queen became common. I couldn't find exact numbers, but it was their highest selling album at the time.

*Metallica - Metallica (Black Album)*

I'm sure no one needs an explanation as to why I feel like this is a Sellout album. Metallica abandoned their melodic, harmony-filled style in favor of a more simplistic, slower, catchier, style. This album went 16x platinum.

*Modest Mouse - Good News for People Who Love Bad News*

We see a lot of changes in this album. While not every song on previous albums were long, this album only has one single song over five minutes long. The songs are more hook based, and there is significantly less use of the whammy bar on the guitars, which was a staple of their sound up to this point. It sold 1.5 million copies, their highest selling album to date.

~~*Bob Dylan - Bringing It All Back Home*~~

~~This was Dylan's first electric album. It really pissed off a lot of people. Dylan went on to continue to play electric for the rest of his 40+ year career.~~

Edit: Fair enough, I suppose Dylan was in fact, NOT selling out.

*I'm not by any means saying these are the only Sellout albums, or even the best 4 examples. These are just personally what comes to mind for me.

The interesting thing about these albums, is that even though each of them represent a point in the artist's career when they changed their sound for the mainstream, I think they are all very good albums. (Maybe with the exception of Metallica) I listen to all of these on a regular basis. In the case of Muse and Metallica, most people would argue that the quality of their work decreased after the release of these albums. Modest Mouse and Bob Dylan, on the other hand, have released quality material even after a dramatic shift in their sound.

What are your thoughts on Sellout albums?
 I've also basically given up on that genre, it's commonly accepted that Green Day brought about the death of punk with a string of shitty copycat bands. But Green Day for some reason have stuck with me all these years. 

I read a description of American Idiot that it's ""part Fight Club, part Oliver Twist"" and I love that angle. I tend to disregard reviews that overplay the political aspect of it. Obviously my experience of it is tied to listening to it for years but I still think there's a lot in there. It's over-the-top ridiculous in a way that rock records should be, and has a dark sense of humour that sadly anyone who saw the dreary emo videos for it would have missed out on. You might like it now, you might not, I just think they get so much flak for ""selling out"" by people who really don't know why they're saying that, just that they've heard it said by others.",analysis,
"Let's talk about modern musical geniuses.    I am currently finishing up an undergraduate degree in music, and in one of my classes we discussed musical geniuses. We talked about Beethoven and Bach and their indisputable genius, but this caused me to think who would be considered a modern musical genius? And on top of that what criteria defines a musical genius in this modern age? My first thought was John Coltrane. Coltrane's playing and compositions are, in my opinion some of the finest work in, relatively, recent music. His playing and compositions reach a higher emotional and intelectual level than most music that I hear today.
   John Coltrane, especially with his late quartet, stretched the use of harmony and, in my opinion, created a new emotional height in improvisation. A Love Supreme was not only a religious masterwork, but it expanded the vocabulary of what Jazz was in that time.  On top of that, Coltrane was one of the most virtuosic saxophone players ever. 
   I was wondering what your opinions were. I, being a composer, would love to discover some new music that I have yet to hear, or to experience music I have heard from a different vantage point.

**Edit:**Added support to John Coltrane as per request. Beck. I cannot stress this enough. The amount of experimental music this man preforms is amazing. Lately he's really been branching out. Doing things like preforming the first interactive online concert and designing music for the PS3 game ""Sound Shapes'- an experimental music platformer. I've always enjoyed his works and how experimental they are compared to the average musician. I can't wait to see more of him in the future.",opinion,
"What makes a good music video? What are some of your favorites and why? I'm a film director and producer and I've recently released a music video for a new band out of the UK called Deluxe Flamingos. The video has been getting a good response but I've always been curious as to what people think makes a music video good or inspirational.

My general feeling is that music is a form of expression that makes people feel and react on a visceral level. Something that nothing else can deliver in a universal fashion (even motion pictures wouldn't have the same impact if it weren't for the composer of the film). And music videos in their simplest form are a tool to interpret those emotions into something visual.

When I first listened to Deluxe Flamingos' track 'Where is my ray?' it really struck a cord in me. I happened to be going through a breakup at the time and it felt like a melodic translation of my feelings. And really good music does that to you, it affects you. It was important for me to capture those emotions. To tell a story that showed the passion of falling in love. The heartbreak of growing apart. All without sensationalism, to play it realistically and express it in a way that people could relate to it, regardless of where they come from or what they've been through.

The shoot itself took place in Tokyo, Japan. No money, no permits, just run and gun. Long days with no sleep. But filmmaking is just like creating music. It's all a journey, and when you get a positive response from people, that's when you know all that painstaking shit was really worth it. 

Let me know your thoughts on this and what are some of your favorite videos.

Please check out the track below if you feel so inclined:

Deluxe Flamingos -- Where Is My Ray [alternative electronic]

http://vimeo.com/85587939

Look forward to hearing from you!
James oh no kidding, that's good to know. those guys definitely seem to have a lot of fun with what they do",opinion,
"Are you ever more into the 'sound' of an album than the actual band/musician? I was thinking about Fiona Apple the other day, and while she is talented, I was really drawn to her work because of Jon Brion's production. His sound is behind some of my favorite albums, including Aimee Mann's solo debut, Kanye's *Late Registration* and others.

While I think the artists with top billing on these albums are great, for me they wouldn't have nearly the same impact without Brion. Who are some producers that you feel have the same effect? Eno has produced some of my favorite bands of all time (Bowie's Berlin Sessions, Devo, Ultravox) He learned everything he knows from [Conny Plank](http://en.wikipedia.org/wiki/Conny_Plank) who produced unknown bands from Germany in the 70's (Krautrock)  He pioneered the use of the studio as instrument and experimented with all kinds of electronics and production techniques.",reaction,
"What are your favorite live albums and why?  My top three would be: 

1) Pink Floyd, ""Pulse."" The quality of musicianship from the band (especially David Gilmour) is astounding. One of my favorite albums to put on while I'm reading or doing homework to break up the tedium. 

2) Alice in Chains, ""MTV Unplugged: Alice in Chains."" There's a very haunting and depressed quality to this recording. I love the dark atmosphere and solid performances from both Layne Staley and Jerry Cantrell.

3) Nirvana, ""From the Muddy Banks of the Wishkah."" I know Nirvana is generally disliked on this subreddit, but I love the raw energy and upbeat nature of this record. Also, Kurt's guitar playing and singing is 
uncharacteristically good compared to their other live performances.  * Velvet Underground, *Live 1969*. Listened to this continuously the year after I dropped of college. The introverted songs from their third album get out and socialize, plus some nice otherwise-unrecorded throwaways from when Reed did that sort of thing in a way I enjoy.
* Hawkwind, *Space Ritual Alive*. Druggy space drone with cute sci-fi spoken word bits. Not avant-garde, more like stoner. Lemmy on bass, Dik Mik on oscillator.
* Swans, *Public Castration Is a Good Idea*. Rhythm track simulates a bomb going off every 10-15 seconds. Over this Gira unintelligibly bellows lyrics I know from other albums are about the misery and degradation that makes up our pointless little lives. I used to really relate to that.
* Tabla Beat Science, *Live in San Francisco at Stern Grove*. &amp;ndash; like D&amp;B but with live tabla instead of electronics (and there's also some electronics). Cos it reminds me of *Pangea*.
* These for the same reason, great improv with a rocking heavy rhythm section:
 * Miles Davis, *Agharta*, *Pangea*, *Live Evil*
 * King Crimson, *The Great Deceiver*",analysis,
"Let's Talk: Sellout Albums The term sellout is thrown around a lot. And most of the time it's negative, but I don't mean it to be negative. What I want to talk about here is albums in which the band A) Sold more records than previous albums and B) The band (maybe even slightly) changed their style to do-so.

When someone says sellout album to me, I think of 4 specific albums:

*Muse - Black Holes and Revelations*

This album was less heavy than previous works. It was around the release of this album that compassion between Muse and Queen became common. I couldn't find exact numbers, but it was their highest selling album at the time.

*Metallica - Metallica (Black Album)*

I'm sure no one needs an explanation as to why I feel like this is a Sellout album. Metallica abandoned their melodic, harmony-filled style in favor of a more simplistic, slower, catchier, style. This album went 16x platinum.

*Modest Mouse - Good News for People Who Love Bad News*

We see a lot of changes in this album. While not every song on previous albums were long, this album only has one single song over five minutes long. The songs are more hook based, and there is significantly less use of the whammy bar on the guitars, which was a staple of their sound up to this point. It sold 1.5 million copies, their highest selling album to date.

~~*Bob Dylan - Bringing It All Back Home*~~

~~This was Dylan's first electric album. It really pissed off a lot of people. Dylan went on to continue to play electric for the rest of his 40+ year career.~~

Edit: Fair enough, I suppose Dylan was in fact, NOT selling out.

*I'm not by any means saying these are the only Sellout albums, or even the best 4 examples. These are just personally what comes to mind for me.

The interesting thing about these albums, is that even though each of them represent a point in the artist's career when they changed their sound for the mainstream, I think they are all very good albums. (Maybe with the exception of Metallica) I listen to all of these on a regular basis. In the case of Muse and Metallica, most people would argue that the quality of their work decreased after the release of these albums. Modest Mouse and Bob Dylan, on the other hand, have released quality material even after a dramatic shift in their sound.

What are your thoughts on Sellout albums?
 [They sold their soul to make a record, and then you bought one](http://www.youtube.com/watch?v=7fIRo-UtdOU)",analysis,
"Bands/Musicians you want to like, but don't. Basically bands that you feel compelled to like, but no matter how much you try, the appeal is completely lost on you.

Mine:

* **Raveonettes** A really poorman's version of The Jesus and Mary Chain, yet I still check out their newer stuff in hopes it'll eventually be quality.

* **A Place to Bury Strangers**  Kind of the same as above. I see the appeal, but it doesn't really seem like there's much to them beyond being influenced by The Jesus and Mary Chain's ""Just out of Reach"" (to the point where they covered the track!). Hell, even their cover of Love and Rockets' ""The Light"" sounded like Just Out of Reach! I don't dislike the band, but it kind of wears thin after a while.

* **Grouper** Like a really boring version of [Flying Saucer Attack](http://www.youtube.com/watch?v=hiCatF0Coz8) dronier material. I was also more annoyed that [Roy Montgomery's portion of his split with Grouper](http://www.youtube.com/watch?v=R02B596uS6k) did not receive more attention. I check out her stuff still, but there's just not much too it, IMO.

* **A Perfect Circle** Eh, Tool-lite. I like some of the tracks, but it feels like a consolation prize for having to wait 5+ years between Tool albums.


* **M83** Not bad, just very thin-sounding, IMO. The ""Lost John Hughes Film Score"" sound they have now just kind of strikes me as odd and not enough of it really sticks out.

* **Explosions in the Sky**. IMO, they were Mogwai/GYBE! for those with ADD. It seemed like their main draw (circa 2001, anyway) was that they were GYBE!'s epic feel, but at half the running time. As much as I love GYBE!, and to a slightly lesser extent Mogwai, I find all the bands they influenced to be completely boring as shit.

* **Sigur Ros** to be fair I haven't checked them out since Agaetis Byrjun, but the vocals really annoyed me. I see the appeal, but I can't really get past the vocals otherwise. another band that I like, but don't really understand the massive amounts of praise for is Deerhunter. They have some great songs, but some boring material as well, yet they get massive critical praise.",opinion,
"Let's Talk: Sellout Albums The term sellout is thrown around a lot. And most of the time it's negative, but I don't mean it to be negative. What I want to talk about here is albums in which the band A) Sold more records than previous albums and B) The band (maybe even slightly) changed their style to do-so.

When someone says sellout album to me, I think of 4 specific albums:

*Muse - Black Holes and Revelations*

This album was less heavy than previous works. It was around the release of this album that compassion between Muse and Queen became common. I couldn't find exact numbers, but it was their highest selling album at the time.

*Metallica - Metallica (Black Album)*

I'm sure no one needs an explanation as to why I feel like this is a Sellout album. Metallica abandoned their melodic, harmony-filled style in favor of a more simplistic, slower, catchier, style. This album went 16x platinum.

*Modest Mouse - Good News for People Who Love Bad News*

We see a lot of changes in this album. While not every song on previous albums were long, this album only has one single song over five minutes long. The songs are more hook based, and there is significantly less use of the whammy bar on the guitars, which was a staple of their sound up to this point. It sold 1.5 million copies, their highest selling album to date.

~~*Bob Dylan - Bringing It All Back Home*~~

~~This was Dylan's first electric album. It really pissed off a lot of people. Dylan went on to continue to play electric for the rest of his 40+ year career.~~

Edit: Fair enough, I suppose Dylan was in fact, NOT selling out.

*I'm not by any means saying these are the only Sellout albums, or even the best 4 examples. These are just personally what comes to mind for me.

The interesting thing about these albums, is that even though each of them represent a point in the artist's career when they changed their sound for the mainstream, I think they are all very good albums. (Maybe with the exception of Metallica) I listen to all of these on a regular basis. In the case of Muse and Metallica, most people would argue that the quality of their work decreased after the release of these albums. Modest Mouse and Bob Dylan, on the other hand, have released quality material even after a dramatic shift in their sound.

What are your thoughts on Sellout albums?
 I feel exactly the same, songs like Go On Strike, like you said, the lyrics are just really dull. In their first 2 albums Mike's lyrics were so simple, but they were relatable, and just great. You've really hit the nail on the head with what I was trying to say (and how I feel), but just said it in a better way! 

I'm annoyed they've only just started playing Mike Duce's Symphony, since I couldn't be bothered going to see them on the Fuck It To The Man tour, that (and Grounded) are the 2 songs I haven't seen them play that I want them to. It's a shame that they hardly play Far Q songs anymore too, when I saw them last October, all they played was Far Q, I guess they just prefer their new stuff.",analysis,
"explain your customized user tag We're all obviously here because we love music and wish to discuss it, so lets discuss our customized user tags. If you're tag has a music related reference, lets hear about it. If your's does not, your opinions and comments about others are still valid.

I'll start: My tag ""one of us cannot be wrong"" is the titled of a Leonard Cohen song from his first album ""The Songs of Leonard Cohen"". Not only is that entire album awesome, but its packed full of emotion and clever wordplay.

Its a song that can almost move me to tears and has started several drunken sing-a-longs with my buddies. I've heard its about the singer Nico.

Not only is the original version awesome: [Leonard Cohen](http://youtu.be/iels3GLw-zs), 
but so is this version by the group [Harvey Milk](http://youtu.be/pToNdH3GOjQ),
and here's a version by [Beck's Record Club](http://youtu.be/Jvp2Yoc06Hg)

Tell me about your tags! Not my opinion. There is a long list. Page is an anomaly, a glitch in the Matrix. 

What springs to mind at this time: 

Muddy Waters

Bo Diddley

Chuck Berry

Scotty Moore


Hank Marvin (God forgive me)

Robbie Robertson

Clapton

Kossof

Zappa 

Blackmore

Lowell George

George Harrison

SRV

Dave Gilmore

Carlos Santana 

Mark Knopfler

Hendrix

Why do I need to do this? Page is inferior to each of these. 

We all know who the great guitarists are but a communal delusion exists vis Page maybe because of his and Robert's witchcraft?",opinion,
"Ambient/Drone portions of non Ambient/Drone albums Pardon the terrible title, but I didn't really know how else to word the topic. Specifically, I'd like to discuss the significance of instrumental portions on songs like [I Want Wind to Blow by The Mircophones (starting around 2:30)](https://www.youtube.com/watch?v=oNfKOtlNuWE), and [Pree-Sisters Swallowing A Donkey's Eye By Neutral Milk Hotel](https://www.youtube.com/watch?v=ReZwDbZQRK8). These are just two examples from two pretty well known bands that I've noticed recently, and are by no means representative of all I want to talk about.

I've noticed many albums by experimental artists that make more indie rock/folk music often feature extended instrumental portions. The sudden lack of vocals is often surprising to me, and I found myself pondering the *point* of such interludes. A lot of the time, it seems like experimentation for the sake of experimentation, and I feel like certain albums could benefit from having this ""filler"" (I hate that word) cut from them. The Neutral Milk Hotel song I posted above is a prime example of that. What exactly does the 13 minute drone to end the album actually add? I almost never listen to Pree-Sisters all the way through, and wish I could have John Malkoviched Jeff Mangum when he decided to put that track on the album. Obviously it had some sort of significance to him, but as a listener I find myself confused. If any of you have any particular thoughts on this drone I'd love to hear them.

On the opposite side of the spectrum, there are also occasions where I have loved an extended instrumental bit. *I Want Wind to Blow* is a great example. The way the song finishes up is absolutely phenomenal. The slow pickup of the drums builds towards a glorious, cacophonous ending, and the gradual increase in intensity conveys the forcefulness and beauty of nature perfectly in my opinion. 

What do you guys think of these ambient/drone/instrumental parts on otherwise singer songwriter oriented albums? Do you like them or hate them, and why?  Bay of Pigs is a phenomenal example of that!",analysis,
"Let's talk about High Water marks. When do you think some bands hit their peak and with what albums? Either where there was a peak that was sustained or a subsequent decline in quality. Since no one else does it, I'll do it: The Beatles.

Now there'll be as many opinions as they had albums but I think they had two peaks. First when they perfected their early wonderfully melodic pop on *Help!*. And then when they finally found themselves completely at home with studio experimentation and an anything-goes attitude on *Magical Mystery Tour* and especially *The Beatles*.

-

And: Miles Davis. I'm not the biggest fan of his cool jazz phase to be honest. But I think he got more and more fascinating as the 60s went on and his albums grew and grew in scope, intensity and power until he released four absolute masterpieces in a row: *Filles de Kilimanjaro*, *In a Silent Way*, *Bitches Brew* and *A Tribute to Jack Johnson*, each one even more amazing than the one before.",analysis,
"Late night talk show performances: The death of live music.  (Any exceptions?) It really seems like talk show musical performances are a dead zone for quality.  Whether it's the terribly mixed sound, creative word substitution for censors, or the apathetic audiences, the shows are really lackluster, and leave a lot to be desired.  However, there are a few bright spots.

Here are some notable exceptions:

[Death From Above 1979 - Romantics Rights on Conan O'Brien](http://www.shinyidol.com/2007/01/death-from-above-1979-on-conan/).  You can tell how amped up the guys are, and the quality of the audio barely matters since their whole sound pallet is a beat up drumset and a bass guitar fed through 1,000 distortion pedals.  The great part is towards the end when Sebastian leaves the drumset, making Max Weinburg (The Late Show's drummer) rush the stage to take over. Unfortunately with his suit jacket still on, he has to take it off while still playing the song.

[Ben Kweller - Penny on the Train Track on David Letterman](http://www.youtube.com/watch?v=FVsBmyp5tUo) There's actually nothing crazy about this song.  No stage dives, not flipped table or broke bones.  It's just so energetic.  I've never seen Ben Kweller live, and with his recent turn to country western, I doubt his shows have this specific kind of energy anymore, so it's nice to  see a snapshot in time like this.  Anyway, this is about the perfect pop song. It's worth it to listen to the original first, just so you can see what parts he changes, specifically, the chorus.  It's just a great show.

[The White Stripes - Let's Build a Home/Goin' Back to Memphis/John the Revelator on Conan O'Brien](http://www.dailymotion.com/video/xplo6_the-white-stripes_music) The White Stripes ~~are~~ :( were pretty renowned for their energetic live shows, so it's not surprising that their talk show appearance is a bit different than normal.  The sound mixing is pretty great in this performance, something that Conan's show seemed to be able to pull off a lot better than most. It seems like a normal White Stripes performance i.e. Jack thrashing around on stage and singing directly to Meg on the drumset mic, until Jack completely leaves the stage, runs over to Conan's desk, throws his guitar on it, and starts playing a slide solo. Whether it was planned or not, it's super cool, and something I've never seen another artist do before.  After solo, on the way back to the stage, his guitar cuts out, so he throws it on the ground . Meg stops for just a second and starts playing again, but this time the song's switched to John the Revelator.  Make sure to check out Meg's facial expression as she mouths along with the words, it's pretty scary.

So, opinions on talk show performances? Other examples of great shows? I love that song sooooo much.  The chaos that erupts at the end blows my mind every time it hits.",analysis,
"panned! (or: records you love that critics hated.) this is a good question to ask at a slow party if you end up talking to another music head. I've seen a bottle get broken out of sheer enthusiasm during the explanation^# , so I'm hoping for something interesting from reddit.


I have a lot of these, but Scott Weiland's *12 bar blues* is a good one because it wasn't just dismissed by critics, it also didn't sell very well and has completely fallen into the margins of history at this point. especially given that you occasionally have to remind people [who Scott Weiland is.](http://www.youtube.com/watch?v=ht672-wYelc) *spin* and *rolling stone* hated it (I think David Fricke called it confused and indulgent), and stone temple pilots fans rejected it on principle for not sounding like STP. but the record remains outrageously interesting even just for being a weird hybrid of grungy glam, lounge, and extremely aggressive electronics a la layers of heavily distorted theremin. these production decisions are really what keeps the album together, constantly jumping between being so prominent as to virtually throttle the rest of the music and being barely audible. and, as if that wasn't enough, this all happens on top a revolving door of songs that sound kinda like tom waits teamed up with slade to cover *hunky dory.* there's also this guy named [Victor Indrizzo](http://www.victorindrizzo.com/) who has credits all over the record; I have a suspicion that he had a lot to do with the adventures in sound contained thereon, particularly because Scott's second solo album sounds [nothing like this.](http://www.youtube.com/watch?v=yrXyzGvpuxA)

select cuts:

* [jimmy was a stimulator](http://www.youtube.com/watch?v=fiWpW1HacfU)

* [cool kiss](http://www.youtube.com/watch?v=sxGG81vrT2A)

* [desperation no 5](http://www.youtube.com/watch?v=REumfh2DFMA)


^# to pre-empt the first comment, the record was *monster* by REM. one man's crappy execution is another man's visionary proto-noise masterpiece. emphasis on the proto. it is, at least, a very honest record, and I'm glad Lou has lately cleared up the myth about his recording it as a way to get out of his record contract. it doesn't even sound like that was the intention.

see also: revolution 9 on the white album.",analysis,
"Mission of Burma: avant garde nonsense or a band before their time? What are your thoughts on [Mission of Burma](http://en.wikipedia.org/wiki/Mission_of_burma)? Were they gods in the indie scene in the 80s? Should they have returned in the 2000s to make more music? 

I think their first EP (*Signals, Calls, and Marches*), their first LP (*Vs*), and their first single (""Peking Spring"") are brilliant for the most part, but I have a bone to pick with them. 

1. Even though Clint Conley wrote some amazingly catchy songs, the rest of the band struggled, and at times I think Roger Miller's contributions are masturbatory. 

2. I can't find any of their material without additional tracks added. 

3. They should not have come back--what they did in the 80s was beyond impressive, but trying to recapture that is a little daft. Their new music is awful, and what are they accomplishing? 

Chime in, let me know your thoughts. Let's talk Burma! I think it was the pop-punk anthems that first brought me to the band. If Academy Fight Song was released in 2003, (to me) it wouldn't sound that  dated. but to realize that this music was being made decades before ""Indie"" was a thing is quite impressive.",analysis,
"Let's talk about modern musical geniuses.    I am currently finishing up an undergraduate degree in music, and in one of my classes we discussed musical geniuses. We talked about Beethoven and Bach and their indisputable genius, but this caused me to think who would be considered a modern musical genius? And on top of that what criteria defines a musical genius in this modern age? My first thought was John Coltrane. Coltrane's playing and compositions are, in my opinion some of the finest work in, relatively, recent music. His playing and compositions reach a higher emotional and intelectual level than most music that I hear today.
   John Coltrane, especially with his late quartet, stretched the use of harmony and, in my opinion, created a new emotional height in improvisation. A Love Supreme was not only a religious masterwork, but it expanded the vocabulary of what Jazz was in that time.  On top of that, Coltrane was one of the most virtuosic saxophone players ever. 
   I was wondering what your opinions were. I, being a composer, would love to discover some new music that I have yet to hear, or to experience music I have heard from a different vantage point.

**Edit:**Added support to John Coltrane as per request. &gt;Mostly through his production style. The College Dropout and some of his production for others before his solo debut established sped-up soul samples in the mainstream, and that general early 00s style of more lush instrumentation in hip hop was happening with him (the lushness of Late Registration). 

Pete Rock did this. Hip hop wasn't as mainstream at the time, but he still did it and was fairly commercially successful (for a rap artist of the time). So nothing groundbreaking there.

And that lush instrumentation everyone refers to? Belongs to Jon Brion, not Kanye West. I wish people would give him his deserved credit instead of heaping all these accolades onto Kanye.

&gt;Also 2007's Graduation was one of the first to really bridge electronic/techno music with hip hop, and since then electronic backdrops have been the gold standard for a while. 

That's not really true either. Maybe on a mainstream level, but that has existed in hip hop circles since the early 2000's.

&gt;808s &amp; Heartbreak gave auto-tune a bit of artistic merit, 

I don't even understand this statement? Cher used it and was successful.. how was that not artistic merit?

&gt;My Beautiful Dark Twisted Fantasy is just an incredible fucking album.

Based off of what? Your opinion. A lot of people found it dull.. I enjoyed it, but having said that, I didn't find it particularly unique either.

&gt;So basically, the dude really hasn't released an album that wasn't in someway building on a style or creating a new one.

What you said could be applied to every album ever made. That's kinda how music works.

&gt;Not to mention Lupe Fiasco, Kid Cudi, Nicki Minaj, and even (in terms of mainstream attention) Bon Iver are now relevant arguably only because of featured spots on Kanye tracks.

That has to be one of the most loaded statements in the history of loaded statements. There is absolutely nothing to back that up. Including the fact that Lupe already had a release out on a major label, and had been signed to two other labels before Kanye even knew his name. Nicki Minaj already had a record deal before she was even near a recording booth with Kanye.. and as for Cudi? Who knows and who cares.

&gt;Nearly the last ten years of music have existed as they do because of Kanye. 

That's so impossibly false. You're completing ignoring: The Neptunes, Timbaland, Scott Storch, Dr. Dre, Dr. Luke, Danja, as well as countless other producers who have all defined the soundscape much more than Kanye ever did.",analysis,
"What are your personal top 5 favorite artists? (And why?) Here are the 5 artists that have given me the most joy, in no particular order:

Beatles -- They gave rise to the rock tradition, to modern music.  Anything that you hear today stems from The Beatles in one way or another.

Sonic Youth --They remind me of post-post-modern artists who use old, rubber tires and other junkyard objects to create art, in that they use guitar distortions and noise to create, in its ugliness, beauty. And isn't that what art is all about?

New York Dolls -- They gave rise to the whole Glam rock movement. Though glam rock sucks, these are a talented bunch of rock stars that know what they're doing (unlike their successors). Their entire discography is A+ stuff. While both of their studio albums rock, they also are filled with quality content.

Gram Parsons -- If not Johnny Cash, he is the king of country. Blending the popular hippie movement with a relaxed country sound, he creates some of the best music to smoke to.

Neil Young -- Unlike Dylan (which is also one of my favorites), his lyrics are more abstract, but nevertheless poignant. Just listen to After the Gold Rush to see how this man can create melodies. *Maximum the Hormone* - Because they're the absolute perfect blend of punk and metal, imo. They don't take themselves too seriously and are clearly having fun with every single song. **And they fucking rock!** Not to mention they have one of the best female drummers I've ever heard. I've pretty much had their entire discography on daily shuffle for a couple of years now. Never gets old.

*Pink Floyd* - Because Pink Floyd. WYWH is my absolute favorite and never fails to leave me in tears, followed closely by DSoTM. I have the same reaction after every song/album: ""Fucking goddamn these guys are good!"" True musicians.

*Nina Simone* - The high priestess of soul. My favorite song of all time from anyone is one of her renditions of ""Feeling Good"". It's my alarm clock and the best song to start the day with. I often spend evenings sipping whiskey and listening to her discography as I reddit. Classy lady, even if she was a little insane IRL.

*Outkast* - Because they consistently put out some of the best hip hop for a number of years and their songs remain some of the funkiest and best written of the genre. These guys deserve their success.

*Bob Dylan* - Because there have been few poets as intelligent and deep and prolific with the same longevity and continued relevance. Leonard Cohen and Nick Cave come to mind, but BD still stands out for me.",opinion,
"Let's Talk: Sellout Albums The term sellout is thrown around a lot. And most of the time it's negative, but I don't mean it to be negative. What I want to talk about here is albums in which the band A) Sold more records than previous albums and B) The band (maybe even slightly) changed their style to do-so.

When someone says sellout album to me, I think of 4 specific albums:

*Muse - Black Holes and Revelations*

This album was less heavy than previous works. It was around the release of this album that compassion between Muse and Queen became common. I couldn't find exact numbers, but it was their highest selling album at the time.

*Metallica - Metallica (Black Album)*

I'm sure no one needs an explanation as to why I feel like this is a Sellout album. Metallica abandoned their melodic, harmony-filled style in favor of a more simplistic, slower, catchier, style. This album went 16x platinum.

*Modest Mouse - Good News for People Who Love Bad News*

We see a lot of changes in this album. While not every song on previous albums were long, this album only has one single song over five minutes long. The songs are more hook based, and there is significantly less use of the whammy bar on the guitars, which was a staple of their sound up to this point. It sold 1.5 million copies, their highest selling album to date.

~~*Bob Dylan - Bringing It All Back Home*~~

~~This was Dylan's first electric album. It really pissed off a lot of people. Dylan went on to continue to play electric for the rest of his 40+ year career.~~

Edit: Fair enough, I suppose Dylan was in fact, NOT selling out.

*I'm not by any means saying these are the only Sellout albums, or even the best 4 examples. These are just personally what comes to mind for me.

The interesting thing about these albums, is that even though each of them represent a point in the artist's career when they changed their sound for the mainstream, I think they are all very good albums. (Maybe with the exception of Metallica) I listen to all of these on a regular basis. In the case of Muse and Metallica, most people would argue that the quality of their work decreased after the release of these albums. Modest Mouse and Bob Dylan, on the other hand, have released quality material even after a dramatic shift in their sound.

What are your thoughts on Sellout albums?
 Modest Mouse had one hook based song on *Good News...*.",analysis,
"Let's talk reverb-heavy indie (rock?) So I just finished several listens of ""Brains"" by Lower Dens, the first single off a new album which has already garnered some critical acclaim. Having thus considered the song, I would like to make the following statement:

I am bored to fucking death with indie rock. 

Every single new goddamn band wants to sound mysterious and evasive and allusive (AND elusive) and suggestive and I'm just sick to fucking death of it. I'm sick of the reverb-as-additional instrument excuse and it's time to call it what it is: it's a crutch and it's a mask for poor songwriting. 

CHRIST I'm listening to this song again and I swear to God it makes me want to do nothing so much as just wet the fucking bed. It inspires nothing more in me and if anyone claims anything to the contrary, I don't care, you're fucking lying or high. If you're high, you get a pass. I could see this being at least distracting if I were high.

Every fucking assclown new band in the indie rock world has some fucking fey little name like Gauzy Beaches or the Nothing Whisps and then they write one quarter of a fucking pop song, record a few Troggs-worthy instrumental takes and then fucking smother the whole pile of shit in reverb and await their fucking accolades from Pitchfork and the AV Club.

The noise-as-instrument aesthetic has its merits and has been done extraordinarily well before, but I swear it's the only fucking M.O. in indie rock right now. 

I used to make fun of hardcore when I was in high school ten years ago and I'm a dedicated Converge fan now. Why? Because they *sound like they give a shit*. I'm listening to tons of fucking D'Angelo, 'cuz dude *very clearly gives a shit*. You hear it in his voice. You hear it in the way he's not afraid to really sell a melody. He trusts what he's doing. I don't care how fucking absurd or bad your band is, but *sound like you mean it*. Have the fucking faith in your material to just come out with the shit. Say something. Mean it. Sing it. Swing for the fucking fences. 

I swear to God the next time I go to an indie rock show and the opening band is some little fucking sparrow of a white boy with a beat-up Jaguar and an Apple laptop, there will be blood. I will fucking murder homeboy because his dying screams will be a more meaningful artistic expression than whatever lukewarm ""textural"" look-cool horseshit he's about to foist upon the unwilling crowd. Fuck. 

 &gt;This seems less like a discussion topic, and more like a nonsensical rant. 

Cheers to OP for that (and I'll disagree with the 'nonsensical' part). There is a place for subjective discourse but we don't need to force-fit it onto every strong opinion for proper dissection. Face rant with rant.",reaction,
"Pink Floyd - The Wall I just listened through the album for the first time. 

I am feeling horribly empty. The reverb, the echoes, the static of the TV, the distant hazy voices, the sheer desperation... this is a devastating album, but epic in a microcosmic sense. Universal, yet subjective. Everyone has their own mothers and walls. 

Disc 1 chronicles the bricks, the slow descent of sanity and ascent of the wall. I was listening to [""Mother""](http://www.youtube.com/watch?v=gmmKzEKYvdM) when I realized Pink just wants someone to hold his hand. He's retreating and keeps trying to return to her. 

Disc 2 starts off with a deeply ominous tone. Aeroplanes, the lack of control, the death of innocence. And in [""Empty Spaces""](http://www.youtube.com/watch?v=ARXKvVeVtXg) Pink is trying to fill those empty spaces with emptiness. And then he's so bitter and angry and loud, which escalates further and further until it all blends together into incoherent droning broken by... that single, final slam. Pink angrily destroys his house in [""One of My Turns""](http://www.youtube.com/watch?v=IqEytMfQCLI) but that final ""Why are you running away?"" sounds full of despair and desolation. His cutoff ""goodby-"" as the wall is completed in [""Goodbye Cruel World""](http://www.youtube.com/watch?v=FD-R7KsE3-Y) was particularly striking. 

The next disc is full of all this fuzzy noise: the sound of an empty room. ""Divided we fall, fall, fall, fall"" and falling. Then again with the layering on ""Is there anybody OUT THERE!""

And finally, we get to the end. He becomes a dictator. The Judge in his mind commands to tear down this wall. And the album ends on a lukewarm note. Loneliness is still there. And the ending! ""Isn't this where we come in?"" This reminds me of a [Hopper](http://foxpudding.files.wordpress.com/2010/10/hopper2auto.jpg) [painting](http://www.artchive.com/artchive/h/hopper/nighthwk.jpg) or of Caldwell's [*Tobacco Road.*](http://en.wikipedia.org/wiki/Tobacco_Road_(novel\)) It continues this never ending cycle, or maze rather, of isolation. 

My friend and I were trying to match this up with Campbell's [monomyth](http://en.wikipedia.org/wiki/Monomyth) if anyone here's familiar with that. My friend thinks that the album as a whole focuses on the Initiation (into a person), which I definitely agree with. Women and the Mother also match up. I think some version of a ""Confrontation with the Father"" occurs during ""The Trial"" and that Pink is narrating from outside the wall, where he has experienced both worlds to some extent. I'm not sure he ever achieves the final step of accepting mortality and living though. 

Anyways, I've talked for long enough. I'm interested in hearing your thoughts on this album! I'm writing this right off of my first listen-through, so please add anything I've missed. 

-------------

**EDIT:** Added links and pretty pics. This is a great discussion so far!  I wouldn't really call The Wall Pink Foyd's crowning achievement. In terms of studio albums I'd hold the sort of ""trinity"" of Dark Side of the Moon, Animals and especially Wish You Were Here (which for a long time was my top spot should I've been pressed to make a favorite albums list, and which still would rank very high) a lot higher, plus A Saucerful of Secrets and various live recordings.

Nonetheless it did most certainly open new doors for what could be achieved within the concept of an ""album"", which considering it was released as (relatively) late as 1979 is a rather enormous achievement.",analysis,
"Madvillian - Madvilliany: Love it or Hate it? http://www.youtube.com/watch?v=nCDMOQFoUxY (Curls, one of the best songs on the album)

I have heard many opposing opinions on this album. Some say it is just a collection of mummbles, others say it is one of the best experimental hip-hop albums of all time. I myself am obsessed with it currently, but what do you guys think? 

Bonus Question: Favorite line from the album.  Fucking love it. DOOM gets some shade from time to time for being overly esoteric but he makes more sense with time. He has some excellent concept songs on his own such as ""Deep Fried Frenz"" and with Madlib's wonky beatmaking he sounds right at home.

This album doesn't try to be anything, it's just the result of what happens when two talented lunatics spend an extended period of time in a studio and make hip-hop.",reaction,
"Let's Talk: Sellout Albums The term sellout is thrown around a lot. And most of the time it's negative, but I don't mean it to be negative. What I want to talk about here is albums in which the band A) Sold more records than previous albums and B) The band (maybe even slightly) changed their style to do-so.

When someone says sellout album to me, I think of 4 specific albums:

*Muse - Black Holes and Revelations*

This album was less heavy than previous works. It was around the release of this album that compassion between Muse and Queen became common. I couldn't find exact numbers, but it was their highest selling album at the time.

*Metallica - Metallica (Black Album)*

I'm sure no one needs an explanation as to why I feel like this is a Sellout album. Metallica abandoned their melodic, harmony-filled style in favor of a more simplistic, slower, catchier, style. This album went 16x platinum.

*Modest Mouse - Good News for People Who Love Bad News*

We see a lot of changes in this album. While not every song on previous albums were long, this album only has one single song over five minutes long. The songs are more hook based, and there is significantly less use of the whammy bar on the guitars, which was a staple of their sound up to this point. It sold 1.5 million copies, their highest selling album to date.

~~*Bob Dylan - Bringing It All Back Home*~~

~~This was Dylan's first electric album. It really pissed off a lot of people. Dylan went on to continue to play electric for the rest of his 40+ year career.~~

Edit: Fair enough, I suppose Dylan was in fact, NOT selling out.

*I'm not by any means saying these are the only Sellout albums, or even the best 4 examples. These are just personally what comes to mind for me.

The interesting thing about these albums, is that even though each of them represent a point in the artist's career when they changed their sound for the mainstream, I think they are all very good albums. (Maybe with the exception of Metallica) I listen to all of these on a regular basis. In the case of Muse and Metallica, most people would argue that the quality of their work decreased after the release of these albums. Modest Mouse and Bob Dylan, on the other hand, have released quality material even after a dramatic shift in their sound.

What are your thoughts on Sellout albums?
 They recently just did a radio interview where, at one point, they address the sell out mentality. Heartthrob had to grow on me. Sainthood did pretty bad so i think if they made another one that sounded like Sainthood or The Con, it would completely fail. They made a great (and somewhat smart) pop record but we don't need another one.",analysis,
"explain your customized user tag We're all obviously here because we love music and wish to discuss it, so lets discuss our customized user tags. If you're tag has a music related reference, lets hear about it. If your's does not, your opinions and comments about others are still valid.

I'll start: My tag ""one of us cannot be wrong"" is the titled of a Leonard Cohen song from his first album ""The Songs of Leonard Cohen"". Not only is that entire album awesome, but its packed full of emotion and clever wordplay.

Its a song that can almost move me to tears and has started several drunken sing-a-longs with my buddies. I've heard its about the singer Nico.

Not only is the original version awesome: [Leonard Cohen](http://youtu.be/iels3GLw-zs), 
but so is this version by the group [Harvey Milk](http://youtu.be/pToNdH3GOjQ),
and here's a version by [Beck's Record Club](http://youtu.be/Jvp2Yoc06Hg)

Tell me about your tags! Is it incompetence or brilliance that can pick up a borrowed mandolin and write a legend by finger picking with next to no formal training?",opinion,
"Late night talk show performances: The death of live music.  (Any exceptions?) It really seems like talk show musical performances are a dead zone for quality.  Whether it's the terribly mixed sound, creative word substitution for censors, or the apathetic audiences, the shows are really lackluster, and leave a lot to be desired.  However, there are a few bright spots.

Here are some notable exceptions:

[Death From Above 1979 - Romantics Rights on Conan O'Brien](http://www.shinyidol.com/2007/01/death-from-above-1979-on-conan/).  You can tell how amped up the guys are, and the quality of the audio barely matters since their whole sound pallet is a beat up drumset and a bass guitar fed through 1,000 distortion pedals.  The great part is towards the end when Sebastian leaves the drumset, making Max Weinburg (The Late Show's drummer) rush the stage to take over. Unfortunately with his suit jacket still on, he has to take it off while still playing the song.

[Ben Kweller - Penny on the Train Track on David Letterman](http://www.youtube.com/watch?v=FVsBmyp5tUo) There's actually nothing crazy about this song.  No stage dives, not flipped table or broke bones.  It's just so energetic.  I've never seen Ben Kweller live, and with his recent turn to country western, I doubt his shows have this specific kind of energy anymore, so it's nice to  see a snapshot in time like this.  Anyway, this is about the perfect pop song. It's worth it to listen to the original first, just so you can see what parts he changes, specifically, the chorus.  It's just a great show.

[The White Stripes - Let's Build a Home/Goin' Back to Memphis/John the Revelator on Conan O'Brien](http://www.dailymotion.com/video/xplo6_the-white-stripes_music) The White Stripes ~~are~~ :( were pretty renowned for their energetic live shows, so it's not surprising that their talk show appearance is a bit different than normal.  The sound mixing is pretty great in this performance, something that Conan's show seemed to be able to pull off a lot better than most. It seems like a normal White Stripes performance i.e. Jack thrashing around on stage and singing directly to Meg on the drumset mic, until Jack completely leaves the stage, runs over to Conan's desk, throws his guitar on it, and starts playing a slide solo. Whether it was planned or not, it's super cool, and something I've never seen another artist do before.  After solo, on the way back to the stage, his guitar cuts out, so he throws it on the ground . Meg stops for just a second and starts playing again, but this time the song's switched to John the Revelator.  Make sure to check out Meg's facial expression as she mouths along with the words, it's pretty scary.

So, opinions on talk show performances? Other examples of great shows? That performance was fucking brilliant, but the album is also way better than you're giving it credit for.",analysis,
"Lets talk: The Dear Hunter I don't know how to define this band, if we're talking genres. They have a very unique, melodic sound. Casey Crescenzo came from The Receiving End of Sirens, which was a post hardcore band. He then broke off and started the Dear Hunter. He pens most of the songs, both musically and lyrically. His melody and harmonies blow my mind, almost Beatlesque, with a unique take on them. He also is very progressive, having a few amount of conceptual albums. My favorite being Act 2: The meaning of, and all things regarding Ms. Leading. Each song has a fair amount production on it, by himself I believe. They are loaded with depth, the first two concept albums dabbled into a theme which is almost like call girls in the 1910s or so, very interesting, I can't quite put my finger on it though, but when you listen you will understand (hopefully!) His lyrics are top notch in my opinion. He has a nice way with words, you can see the influence of Shakespear. I can't be bothered with good formatting right now, as I am quite in the clouds, but I will do my best to chronologically list my top 2 songs of album. 

**ACT 1** 
[the Inquiry of Ms. terri](http://www.youtube.com/watch?v=k1eyqshJlRs)

[City Escape](http://www.youtube.com/watch?v=k1eyqshJlRs)

**ACT 2** - note: this album is a goldmind, the choices are quite tough. He sticks with the same theme, but you can hear the evolution of his song writing becoming more sharp and clean. 

[The Procession](http://www.youtube.com/watch?v=c1Boh5vbZyA)

[Blood of the Rose](http://www.youtube.com/watch?v=wSQUqLBLpEE)

[Oracles on the Delphi Express](http://www.youtube.com/watch?v=yABRtv_Qtbg)

[Red Hands](http://www.youtube.com/watch?v=MRsQ5_FvZCM) (probably the most popular song of theirs) 

that is just the tip of the iceberg for that album, you can hear the experimenting in those few songs. But the whole album varies in styles, again beatlesque. He tries to touch base in every genre. 

**ACT 3** I must be honest, I was a bit disappointed by this album. But I haven't listened to it in its entirety since it first came out, so this may be an unfair assessment. 

[Mustard Gas - acoustic version](http://www.youtube.com/watch?v=DZ_dA6xh7Xo) 

[What It Means to be Alone](http://www.youtube.com/watch?v=OoAtvzImzGY)

again, I am biased towards this one and I deserve to give it my full attention... soon. 

**The Color Spectrum** Sort of self explanatory for the concept, put songs to colors. Some very great songs in here, you can, again, hear them developing into even better musicians. 

[Crow and Cackle](http://www.youtube.com/watch?v=fzJfLRNK0b0)

[Curse of Cynicism](http://www.youtube.com/watch?v=geV6OkIURoE)

[Shes Always Singing](http://www.youtube.com/watch?v=zMjgPTM3KlM)

This album is loaded. So many awesome songs. Yet again, tip of the iceberg here, but you get an idea of it. 

**Migrant** to be released april 2nd!


Thanks for reading if you did, hopefully this will turn you onto these guys, they could use the support. I think they are so unknown because the group the marketed towards when the first were a band, just wouldn't follow them on their path from post-hardcore to progressive. Oh well, hope you enjoy!
 
Psst, sorry about the wacky formatting!
 From what I have read about them, a lot of internal disputes arise because Casey is a control freak. He insists on everything being his way, even the production. Which is great, he is a very talented man, but I believe a good producer and some amazing sound engineers would further his sound into something even more rich than it already is.",analysis,
"What are your favorite live albums and why?  My top three would be: 

1) Pink Floyd, ""Pulse."" The quality of musicianship from the band (especially David Gilmour) is astounding. One of my favorite albums to put on while I'm reading or doing homework to break up the tedium. 

2) Alice in Chains, ""MTV Unplugged: Alice in Chains."" There's a very haunting and depressed quality to this recording. I love the dark atmosphere and solid performances from both Layne Staley and Jerry Cantrell.

3) Nirvana, ""From the Muddy Banks of the Wishkah."" I know Nirvana is generally disliked on this subreddit, but I love the raw energy and upbeat nature of this record. Also, Kurt's guitar playing and singing is 
uncharacteristically good compared to their other live performances.  A lot of the ones I like have been posted, but one album that never seems to get enough recognition is Live At Royal Albert Hall by Spiritualized. Nearly every song improves upon the studio version and it's just so wonderfully inflated and grand. My favorite live album of all time, and one of my top 5 favorite albums as well.",opinion,
"explain your customized user tag We're all obviously here because we love music and wish to discuss it, so lets discuss our customized user tags. If you're tag has a music related reference, lets hear about it. If your's does not, your opinions and comments about others are still valid.

I'll start: My tag ""one of us cannot be wrong"" is the titled of a Leonard Cohen song from his first album ""The Songs of Leonard Cohen"". Not only is that entire album awesome, but its packed full of emotion and clever wordplay.

Its a song that can almost move me to tears and has started several drunken sing-a-longs with my buddies. I've heard its about the singer Nico.

Not only is the original version awesome: [Leonard Cohen](http://youtu.be/iels3GLw-zs), 
but so is this version by the group [Harvey Milk](http://youtu.be/pToNdH3GOjQ),
and here's a version by [Beck's Record Club](http://youtu.be/Jvp2Yoc06Hg)

Tell me about your tags! I think Led Zeppelin is overrated. The universal love of Zep is so bizarre to me that it underpins the feeling I have that the planet Earth is a cosmic lunatic asylum and that all we experience as real is an illusion. 

The true essence of this bizarreness is that Page is an incompetent novice with the guitar at best and Plant is like the sort of pastiche rock singer you get in pubs in the provinces. The other two don't bother me either way.",opinion,
"Disappointments and Surprises this year. essentially: albums you liked more than you thought you would and albums you liked less than you thought you would. 

this year has been fairly disappointing so far; though I think that has more to do with the glut of great albums that came out towards the end of last year spoiling me. But first the positive:

**Surprises**:

* **[Lilacs &amp; Champagne - Danish &amp; Blue](https://www.youtube.com/watch?v=QeJj7FCRYCg)** 

I mostly just wanted a new Grails album, but this album seems much more organic than their previous album. It also doesn't seem too far off from the previous Black Tar Prophecy EP, so even if it's not a full-fledge Grails album, it's more than just a placeholder.

* [**Boris - Praparat**](https://www.youtube.com/watch?v=h5qDtmCnR80)

after a string of disappointing releases the last few years, I wasn't expecting much from this, but this seems to have taken the (previously segregated) variety of Boris' last few releases and mixed them into a more coherent form. Overall, it kind of feels like Boris' take on post-rock.

* [**No Joy - Wait to Pleasure**](https://www.youtube.com/watch?v=nBSeEF6UJqc)

there seems to be a lot more Shoegaze records being released, but it seems like a bulk of them are rather faceless rehashing of the same dozen bands or so from the late 80s/early 90s. No Joy isn't exactly original (though I can't think of any Shoegaze bands doing [odd Hip Hop-esque tracks](https://www.youtube.com/watch?v=Kk585bNnYyk) ), but they seem to have a bit more personality than others and with a more spacious mix.

* [**Primal Scream - More Light**](https://www.youtube.com/watch?v=LfPu5FQgFIU)

I don't think it's quite the comeback some of the reviews make it out to be as it could be whittled down a bit (Invisible City (which sounds like the James Brown track from Rocky IV) and Goodbye Johnny could be easily dropped), but it's easily their best album in years. 

this isn't all of my favorite releases, just ones that have exceeded expectations.


**Disappointments**:

* [**Flaming Lips - The Terror**](https://www.youtube.com/watch?v=d6J8O8Ououk)

I've posted about this before, but essentially: the Flaming Lips finally make a boring album. Remove all the surrounding drama on the album (wayne's divorce and Steve's relapse) and it's nothing but a bleak album that doesn't really offer anything memorable apart from the opening track. It's especially disappointing in light of, in my opinion, a lot of fucking around (extreme song lengths, pointless cover albums, etc.)

* [**Black Angels - Indigo Meadow**](https://www.youtube.com/watch?v=812r_yzUJ_s)

it's a fairly logical follow-up to Phosphene Dream... it's just not really that interesting and kind of toothless. They've mostly traded their darker psychedelia for fairly tame standard psychedelia.  It's not unenjoyable to listen to, but mostly forgettable once the record stops.

* [**The Knife - Shaking the Habitual**](https://www.youtube.com/watch?v=cEiwhP7j6JM)

I heard a lot of good things about this album, but I'm honestly not convinced anyone genuinely likes it as it seems to be one whose reputation rests solely on ones ability to sit through the fucking thing. Now it's not a bad album mind you; every track generally starts off good/interesting, but with the exception of the above linked Raging Lung, every track way overstays its welcome. Overall, it just sounds like an album full of underdeveloped tracks all just kind of thrown together because they didn't really know what to do with them. Easily the most pretentious release of the year.

there's other disappointments (Wolf People's Fain, Low's Invisible Way, etc.), but they're not bad albums so much as they are just a rather noticeable step down from previous albums.
 &gt;I'm surprised i'm not seeing this album in more places. 

Yeah me too, it's a great album, if a tiny bit too long",opinion,
"Bands/Musicians you want to like, but don't. Basically bands that you feel compelled to like, but no matter how much you try, the appeal is completely lost on you.

Mine:

* **Raveonettes** A really poorman's version of The Jesus and Mary Chain, yet I still check out their newer stuff in hopes it'll eventually be quality.

* **A Place to Bury Strangers**  Kind of the same as above. I see the appeal, but it doesn't really seem like there's much to them beyond being influenced by The Jesus and Mary Chain's ""Just out of Reach"" (to the point where they covered the track!). Hell, even their cover of Love and Rockets' ""The Light"" sounded like Just Out of Reach! I don't dislike the band, but it kind of wears thin after a while.

* **Grouper** Like a really boring version of [Flying Saucer Attack](http://www.youtube.com/watch?v=hiCatF0Coz8) dronier material. I was also more annoyed that [Roy Montgomery's portion of his split with Grouper](http://www.youtube.com/watch?v=R02B596uS6k) did not receive more attention. I check out her stuff still, but there's just not much too it, IMO.

* **A Perfect Circle** Eh, Tool-lite. I like some of the tracks, but it feels like a consolation prize for having to wait 5+ years between Tool albums.


* **M83** Not bad, just very thin-sounding, IMO. The ""Lost John Hughes Film Score"" sound they have now just kind of strikes me as odd and not enough of it really sticks out.

* **Explosions in the Sky**. IMO, they were Mogwai/GYBE! for those with ADD. It seemed like their main draw (circa 2001, anyway) was that they were GYBE!'s epic feel, but at half the running time. As much as I love GYBE!, and to a slightly lesser extent Mogwai, I find all the bands they influenced to be completely boring as shit.

* **Sigur Ros** to be fair I haven't checked them out since Agaetis Byrjun, but the vocals really annoyed me. I see the appeal, but I can't really get past the vocals otherwise. But it's isn't lyrics alone, it's backed by music. 

Do you dismiss Bob Dylan so too?",opinion,
"Boards of Canada and the nostalgia of times I've never experienced [Discussion] Their music feels like another era, an whole other ambient which blends organic and artificial sounds into peaceful and beautiful melodies. It seems nostalgic, maybe because of their use of children talking and 1970s shows' samples, even though I wasn't born in that time. [Here is an example of this.](http://www.youtube.com/watch?v=yT0gRc2c2wQ)  They make really original music such as [this one](http://www.youtube.com/watch?v=xf66Lmrqk00), which goes from seemingly unconnected sounds to a pretty structured song seamlessly. I think they are masters of electronic music.

If anyone is interested in initiating in them, I recommend to start with their first album and then go in chronological order with everything they've released, as even their EPs are very very good IMO.

**My questions, feel free to talk about any other thing:**
What do you think they're trying to transmit with their music? Nostalgia, [just having fun](http://www.youtube.com/watch?v=rg-iKP0zI9Q), [or some other meaning](http://www.youtube.com/watch?v=0qrbfRqBdpY)?
What do you think about their [subliminal-sounding lyrics](http://www.youtube.com/watch?v=M5Hbzt9O12Q)?
Would you agree that they are one of the most revolutionizing bands of the recent times, for example because of their using of unconventional samples? as an electronic musician who's devoted some time to studying (and replicating) their style:

that nostalgic vibe is really really neat. 

I think (RE: not sure, but from my observations I have reason to believe) that the reason they have that nostalgic feeling from such a wide range of people is because of some very carefully placed techniques:

First, they seem to focus on really simple melodies and chord progressions. Simple but effective. This is possibly the weakest support I have to offer, but I *think* this may help invoke a nostalgic feel from others because the music for children's TV is often simple, upbeat melodic. (but RE: I don't have anything to back that up.) 

what's more interesting is their sound design: very carefully crafted synths. my favorite example is the held note in ""Ready Lets Go"". That is actually the humming sound of a VCR. You've probably heard it before, but at a low volume...and thought nothing of it. Now it's brought to the foreground of a song, and you can't place why it sounds so familiar. 

Speaking of VRCs, any audio stored on that tends to pick up dust and dirt over time. BoC loves to emulate that, and the effect (in the song and on you) is a bit easier to spot. 

but they also love to knock out the higher frequencies. That's a bit more clever, since capturing high frequencies has been a problem with all storage media, analog or digital, since the dawn of recorded sound. 

it's not a mind-blowing effect, but I think it helps with that nostalgic effect, especially with the audio dust filling the missing freqencies.

the best effect is the warble they add to basically everything. the pitch goes up a few cents, then down, then back up again...up and down. it adds a surreal feel by default, but it's something you'd also find on audio from a worn cassette. 

**tl;dr: It's nostalgic because it sounds like how you used to listen to music, not because it sounds like the music you used to listen to.**",analysis,
"LetsTalkMusic List #1: Top progressive rock albums. **RESULTS!**

These are ordered first by most mentioned, then average ""score"". For example: 2 albums get put on a list by 3 people each. Album A is the #1 spot on all 3 lists, giving it an average of 10. Album B shows up unranked only (for unranked lists I just gave them all 5 points). So Album A would be above album B, but below any album that shows up on 4 or more lists. I did this cause peoples' tastes change a lot, and sometimes they dont feel comfortable ordering them. So unranked items won't get penalized too much.

1. King Crimson - *In the Court of the Crimson King* (11 mentions, 5.5 avg.) 

2. Pink Floyd - *Animals* (8, 6.9)

3. (tie) Genesis - *The Lamb Lies Down on Broadway* (6, 7.5)

3. (tie) Pink Floyd - *The Dark Side of the Moon* (6, 7.5)

5. Yes - *Close to the Edge* (5, 8.2)

6. Pink Floyd - *Wish You Were Here* (5, 7.0)

7. Porcupine Tree - *In Absentia* (4, 7.8)

8. Jethro Tull - *Thick as a Brick* (4, 6.8)

9. King Crimson - *Red* (4, 6.0)

10. Rush - *Moving Pictures* (4, 5.8)

You'll notice this top 10 is very predictable, and I'm gonna take the blame for that. ""progressive rock albums"" seems way too broad of a subject. And how is a new, relatively unknown band supposed to compete with King Crimson and Pink Floyd? So learn from my mistake and nominate/upvote interesting suggestions in the nomination thread!

**SOME STATS**

* 33 people voted, including me
* 156 albums mentioned
* 41 albums with at least 2 mentions
* Highest ranked album that didn't receive a 1st place vote: Pink Floyd - Dark Side of the Moon



----------------------------------------------------------------------------------------------------

This will be the first in a (hopefully) long series of lists.

The rules are simple. Create a list of your favorite prog-rock albums ever. 10 maximum. #1 will get 10 points, #2 will get 9, and so on. Ordered lists are preferred. If you have a problem with anyone's list (Is the Decemberists *The hazards of love* prog? I'm honestly not sure), reply to the list with your objection. They'll be taken into account.

Lists will be active for one week. Results will go to the sidebar.

I'll start will mine, and I'll only list 5.

1. Yes - Close to the Edge

2. Genesis - Selling England by the pound

3. Pink Floyd - Wish You Were Here

4. Genesis - The Lamb Lies Down on Broadway

5. Yes - Relayer

Yeah, they're all from the 70s. Yeah, they're all critically-eclaimed. You have a problem with that? Educate me. Submit your list and let the users judge. 1. Genesis -- The Lamb Lies Down on Broadway (Peter Gabriel's last, and best IMO, hurrah with Genesis)
2. King Crimson -- Court of the Crimson King (GORGEOUS)
3. Emerson, Lake, and Palmer -- Pictures at an Exhibition (one of my favorite classical pieces, and a really unique prog album, worth checking out if you dig 3 people sounding like an orchestra)
4. Pink Floyd -- The Wall (What? I'm into concepty albums, okay?)
5. Yes --Tales from Topographic Oceans (deliciously self important, but I don't care)",opinion,
"Geoff tates version of Queensryche sucks...(New album, FU, released today) Wow.  This is rough to say, but as a 24 year Queensryche fan, to hear Geoff attempt to hit these notes, and the absolute shitty mastering of this new record, I give it a 3 out of 10.  Any opinions yet? I agree, and I didn't think the songs were 'bad' either.. The album has potential, but it seriously must be re-recorded and remastered correctly. 

And take off those reissues of my favorite QR songs.. Those are just pitiful. Empire sounds like it was recorded in a metal can, and Silent Lucidity is missing all the emotion. 

I understand why he did it. Even if the lawsuit fails, he maintains rights to those songs. Still, leave them be!! 

Edit : totally surprised that he didn't update the ""in the schoolyear 1986 to 1987"" part in Empire...",reaction,
"Disappointments and Surprises this year. essentially: albums you liked more than you thought you would and albums you liked less than you thought you would. 

this year has been fairly disappointing so far; though I think that has more to do with the glut of great albums that came out towards the end of last year spoiling me. But first the positive:

**Surprises**:

* **[Lilacs &amp; Champagne - Danish &amp; Blue](https://www.youtube.com/watch?v=QeJj7FCRYCg)** 

I mostly just wanted a new Grails album, but this album seems much more organic than their previous album. It also doesn't seem too far off from the previous Black Tar Prophecy EP, so even if it's not a full-fledge Grails album, it's more than just a placeholder.

* [**Boris - Praparat**](https://www.youtube.com/watch?v=h5qDtmCnR80)

after a string of disappointing releases the last few years, I wasn't expecting much from this, but this seems to have taken the (previously segregated) variety of Boris' last few releases and mixed them into a more coherent form. Overall, it kind of feels like Boris' take on post-rock.

* [**No Joy - Wait to Pleasure**](https://www.youtube.com/watch?v=nBSeEF6UJqc)

there seems to be a lot more Shoegaze records being released, but it seems like a bulk of them are rather faceless rehashing of the same dozen bands or so from the late 80s/early 90s. No Joy isn't exactly original (though I can't think of any Shoegaze bands doing [odd Hip Hop-esque tracks](https://www.youtube.com/watch?v=Kk585bNnYyk) ), but they seem to have a bit more personality than others and with a more spacious mix.

* [**Primal Scream - More Light**](https://www.youtube.com/watch?v=LfPu5FQgFIU)

I don't think it's quite the comeback some of the reviews make it out to be as it could be whittled down a bit (Invisible City (which sounds like the James Brown track from Rocky IV) and Goodbye Johnny could be easily dropped), but it's easily their best album in years. 

this isn't all of my favorite releases, just ones that have exceeded expectations.


**Disappointments**:

* [**Flaming Lips - The Terror**](https://www.youtube.com/watch?v=d6J8O8Ououk)

I've posted about this before, but essentially: the Flaming Lips finally make a boring album. Remove all the surrounding drama on the album (wayne's divorce and Steve's relapse) and it's nothing but a bleak album that doesn't really offer anything memorable apart from the opening track. It's especially disappointing in light of, in my opinion, a lot of fucking around (extreme song lengths, pointless cover albums, etc.)

* [**Black Angels - Indigo Meadow**](https://www.youtube.com/watch?v=812r_yzUJ_s)

it's a fairly logical follow-up to Phosphene Dream... it's just not really that interesting and kind of toothless. They've mostly traded their darker psychedelia for fairly tame standard psychedelia.  It's not unenjoyable to listen to, but mostly forgettable once the record stops.

* [**The Knife - Shaking the Habitual**](https://www.youtube.com/watch?v=cEiwhP7j6JM)

I heard a lot of good things about this album, but I'm honestly not convinced anyone genuinely likes it as it seems to be one whose reputation rests solely on ones ability to sit through the fucking thing. Now it's not a bad album mind you; every track generally starts off good/interesting, but with the exception of the above linked Raging Lung, every track way overstays its welcome. Overall, it just sounds like an album full of underdeveloped tracks all just kind of thrown together because they didn't really know what to do with them. Easily the most pretentious release of the year.

there's other disappointments (Wolf People's Fain, Low's Invisible Way, etc.), but they're not bad albums so much as they are just a rather noticeable step down from previous albums.
 Wow, I am a huge fan of the new K.V. record. The extended jams, the meditative hum of the whole thing. Just peaceful and goregous.",analysis,
"Let's Talk: The Future of Traditionally Non-Electronic Genres Looking at the current state of popular music artists of nearly every genre are incorporating electronic instrumentation. This makes sense considering the increased accessibility of electronic music production in recent years coupled with the rising popularity of EDM, instrumental hip-hop, and whatever we call Imagine Dragons (electronic synthy indie pop?).

What I have noticed and am somewhat surprised by is the weakness of the integration of electronic music into traditionally non-electronic genres. Currently I think electronically produced music is almost seen as restricted a genre of its own rather than a tool like a guitar that can be used in any context.

[Pumped up Kicks by Foster the People](https://www.youtube.com/watch?v=SDTZ7iX4vTQ&amp;feature=kp) is probably the most famous example of the electronic synthy indie pop genre that has sprung up in recent years. But in reality it has a short electronic sample in the beginning that loops a couple times in the song and the rest is all regular old bass, drums, and guitar. Pretty Lights is attempting with his [Analog Future Tour](https://www.youtube.com/watch?v=M6ZNu-bLMFI) to sort of approach this in the other direction and it seems like a great idea, among mainstream EDM artists Pretty Light's has one of the least strictly electronic sounds incorporating lots of soul, rock, and hip hop. However in implementation the stage show ends up with him button pressing most of the time with the occasional trumpet fill and a drummer banging out 4x4 beats so steadily you feel sorry for him.

There are a few acts that have really taken full advantage of the laptop studio revolution. [The Postal Service](https://www.youtube.com/watch?v=0wrsZog8qXg) and [Twenty One Pilots](https://www.youtube.com/watch?v=a4IsS8jlIBY) come to mind. But these are still a rarity. 

So my question to you reddit is whether we will see electronic production become incorporated into most modern music. DAW's are in a way weirdly similar to how the guitar was in the 60s, every kid has a laptop and the capability to make music in their bedroom for cheap. Will genres that have all but completely ignored electronic production (punk, metal, country, blues) be seeing a new generation of artists who grew up with a laptop instead of a guitar?
 There are gonna be more kids with laptops and launchpads looking to form bands. Eventually some of them will join punk bands.",analysis,
"Why do you think Led Zeppelin is/isn't overrated? I see JackIsidore thinks that Led Zeppelin is overrated.  Why is this?  Led Zeppelin was one of my favorite bands growing up.  I used to fall asleep telling myself that someday I was going to play the solo to Since I've Been Loving You just like Jimmy Page.

I think that every Zep album has a distinct sound.  Like the acoustic sound of Zep 3.  I can also see though how you might feel that Zep ripped off some old blues artists and simply sang their songs like they created them.  But other artists have done the same thing.  Take Midnight Special by CCR.  That was originally a Leadbelly song and it probably goes further back than Leadbelly.  I don't hear anyone crying about CCR ripping off ol' bluesman (I don't follow CCR that much so maybe they do)!

I also think that by not releasing singles they encouraged listening to the whole album.  Zep's also one of the few bands who doesn't think that the whole purpose of their music is to sell out to commercials and sell Cadillac's.  Wait, what?!?  Their music was used in a Cadillac commercial!  Well I don't know what happened there, but as a whole there music hasn't been used in commercials.

This is my pro Zep argument. ...but there weren't really any subgenres of rock in Elvis' early days bar possibily rockabilly. He codified what there was to codify just as The Beatles did.",opinion,
"Albums you like but which are loathed by ""true fans"" of the band I'm going to start with RHCP's *One Hot Minute*, I think Navarro's psychadelic and harder rock influences and the abandoning of the band's earlier much more funk oriented sound really produced what I thought was a great album. I honestly love the change in sound Incubus went for on *ACLOTM* and *Light Grenades*. Everything felt much more organic and ""live"". ""Pendulous Threads"" is a masterpiece IMO.",opinion,
"Albums which have production so prominent it could be considered 'the extra member of the band'... I always have a soft spot for albums with exquisite / prominent / experimental production.

Think of an album where the production is almost as much of a talking point as the music, where it is used more like an instrument.

Here are a couple that come to mind.

Burial - Untrue
Joy Division - Closer
NIN - The Fragile I immediately thought of Spoon's *Ga Ga Ga Ga Ga*. The music itself is catchy, but the little sonic quirks throughout the album are what, to me, make it a step above a lot of other guitar pop (along with Britt Daniel's voice, of course). Can't really browse around youtube right now, but ""You Got Yr Cherry Bomb"" and ""Finer Feelings"" in particular have really interesting production.",analysis,
"Share: Darkest pieces of music  I was listening to ok computer whilst out walking during a break at my job, and fitter happier began playing. By the time the song ended I was standing still in the middle of the pavement feeling completely emotionally exhausted. It's a very powerful piece and I will never forgive Microsoft Sam for making me feel like that.",reaction,
"Foxygen- We Are the 21st Century Ambassadors of Peace &amp; Magic [Album Discussion Club] Discuss.

 First time listening, it was what I expected from Foxygen. Great lyrics combined with excellent production. 

Overall, it was more structured than 'Take the Kids Off Broadway'. The influenced from other genres weren't scattered throughout each track. It has a certain flow that can lift your spirits, especially with tracks like 'On Blue Mountain' and 'San Francisco' rhyming pretty well with cleverly thought out lyrics. One of the best so far this year.",opinion,
"Albums you like but which are loathed by ""true fans"" of the band I'm going to start with RHCP's *One Hot Minute*, I think Navarro's psychadelic and harder rock influences and the abandoning of the band's earlier much more funk oriented sound really produced what I thought was a great album. well, there was a live album between The Fragile and W_T (And All That Could've Been.) But it is shit and only really noteworthy for the Still companion disc, which is under-rated.",opinion,
"Albums which have production so prominent it could be considered 'the extra member of the band'... I always have a soft spot for albums with exquisite / prominent / experimental production.

Think of an album where the production is almost as much of a talking point as the music, where it is used more like an instrument.

Here are a couple that come to mind.

Burial - Untrue
Joy Division - Closer
NIN - The Fragile &gt;I prefer Isn't Anything because of that.

I've always thought Isn't Anything had pretty terrible production and was the worst of the Creation-era releases. A lot of it feels way too much like an album of a band trying to figure out where they want to go, but not entirely successful in their experiments.",analysis,
"Albums which have production so prominent it could be considered 'the extra member of the band'... I always have a soft spot for albums with exquisite / prominent / experimental production.

Think of an album where the production is almost as much of a talking point as the music, where it is used more like an instrument.

Here are a couple that come to mind.

Burial - Untrue
Joy Division - Closer
NIN - The Fragile To be fair, the OP asked about the production being a member of the band rather than the producer. In which case it is probably a good example.",opinion,
"Albums you like but which are loathed by ""true fans"" of the band I'm going to start with RHCP's *One Hot Minute*, I think Navarro's psychadelic and harder rock influences and the abandoning of the band's earlier much more funk oriented sound really produced what I thought was a great album. Dream Theater's 'Falling Into Infinity'. Peruvian Skies, Hell's kitchen, Lines in the Sand. I love it.",opinion,
"Albums you like but which are loathed by ""true fans"" of the band I'm going to start with RHCP's *One Hot Minute*, I think Navarro's psychadelic and harder rock influences and the abandoning of the band's earlier much more funk oriented sound really produced what I thought was a great album. Though I prefer Aeroplane as an album, Naomi is my favorite song of their's.",opinion,
"Artist of the Week #4 - Broken Social Scene Broken Social Scene isn't a band. It's an orchestra. They are Canada's flagship indie band from Toronto. Their music is simple, melodic, experimental, full of horns and strings, so full of sound but not overdone. Their lyrics are surreal, absurd, very emotional. Often they will have musicians from Stars, Feist and Metric record and perform with them. You won't be disappointed.

Here is a playlist: http://grooveshark.com/#/playlist/Broken+Social+Scene/65003971 I'm Still Your Fag and Sweetest Kill lull my brain into a pleasure coma.",reaction,
"Lets talk about short songs  Jethro Tull - Cheap Day Return (1:22)

Jethro Tull - Nursie (1:34)

Jethro Tull - Wond'ring Aloud (1:54)

They're all sweet little acoustic, guitar-based songs. Verse, chorus, verse, end. They could have made the songs longer by adding another verse or two, but I kind if like it they way they are. Ian Anderson is mostly known for his flute, but he's always done well on the acoustic guitar as well.",opinion,
"Albums you like but which are loathed by ""true fans"" of the band I'm going to start with RHCP's *One Hot Minute*, I think Navarro's psychadelic and harder rock influences and the abandoning of the band's earlier much more funk oriented sound really produced what I thought was a great album. I have a lot of friends who give me the stink eye when I tell them I like NiN's With Teeth. Apparently true fans thought it was a weak release. But then again, I probably have weak taste in music-two of my favorite radiohead songs are 'you' and 'wolf at the door', both of which I just learned from the comments here are on two apparently bad CDs lol",opinion,
"Albums you like but which are loathed by ""true fans"" of the band I'm going to start with RHCP's *One Hot Minute*, I think Navarro's psychadelic and harder rock influences and the abandoning of the band's earlier much more funk oriented sound really produced what I thought was a great album. As much as I loved *Unplugged*, I always wished that the *Bleach* version of ""About A Girl"" got more airplay.  I could probably count on one hand the number of times I've heard the original version on the radio.",opinion,
"Albums you like but which are loathed by ""true fans"" of the band I'm going to start with RHCP's *One Hot Minute*, I think Navarro's psychadelic and harder rock influences and the abandoning of the band's earlier much more funk oriented sound really produced what I thought was a great album. I like Song Against Sex, but the rest was mostly just fucking around to me.",opinion,
"Albums you like but which are loathed by ""true fans"" of the band I'm going to start with RHCP's *One Hot Minute*, I think Navarro's psychadelic and harder rock influences and the abandoning of the band's earlier much more funk oriented sound really produced what I thought was a great album. If you liked the Estranged/November Rain side of Use Your Illusion 1/2, you're going to find something of value in Chinese Democracy. Best songs IMO are Catcher in the Rye and Better.",opinion,
"Lets talk: Daft Punk - Random Access Memories So, it's finally out, you can stream it using iTunes and going to Daft Punk's page. Since they're such an important band and the album has generated so much attention, I guess we can have this place for discussion. I love how everyone's saying that the album's generic. Yes, there are moments where it is, but I can guarentee you that if someone thinks the album is generic, they switched off Giorgio by Moroder before he even stopped talking. The bas and drums on that track are some of the best I've ever heard. Perfect build and release in that song.",opinion,
"Albums you like but which are loathed by ""true fans"" of the band I'm going to start with RHCP's *One Hot Minute*, I think Navarro's psychadelic and harder rock influences and the abandoning of the band's earlier much more funk oriented sound really produced what I thought was a great album. I enjoy Radiohead's ""Pablo Honey,"" regardless of other fan's refusals to even acknowledge it as an album. Creep isn't the only song on there - certain songs like ""Blow Out"" or ""Ripcord"" seem to be completely forgotten.",opinion,
"Albums you like but which are loathed by ""true fans"" of the band I'm going to start with RHCP's *One Hot Minute*, I think Navarro's psychadelic and harder rock influences and the abandoning of the band's earlier much more funk oriented sound really produced what I thought was a great album. I came here to say the exact same thing. My friend introduced me to MTB by giving me all the albums except Omni, saying I should just forget about it, because it was 'musically weak, and way too pop-y'. I listened to them for a year and they quickly escalated to being one of my favorite bands. I downloaded Omni a couple of months ago, and I think it's absolutely fantastic",opinion,
"No One’s Gonna Love You: Cee Lo Green vs. Band of Horses  As a fan of both of these folks, I was really surprised to see the cover when I went to purchase this at the cd store. After listening to it, it was a pleasant surprise! I do prefer the original, as it is a beautiful song on it's own. But I will say that Cee Lo add's a classic soul vibe that he knows how to do well. Just listen to ""Old Fashioned"", the track before this on The Lady Killer, to hear the proof.",opinion,
"Let's talk about the genius of George Clinton!   I was going thru some tough times after I finished high school. Got unluckily kicked out of college (wrong place, wrong time, wrong newly-met ""friends""), isolated from my friends, living at home and stuck in a dead end factory floor job. I was on suicide watch the longest time when I stumbled across Mothership Connection in a record store. The joy and happiness on that record turned my life around. It was a whole wide world of sound for me to explore - soul/funk/rnb. Imo No other musician is as seriously funny and life-affirming as George Clinton.",opinion,
"Albums you like but which are loathed by ""true fans"" of the band I'm going to start with RHCP's *One Hot Minute*, I think Navarro's psychadelic and harder rock influences and the abandoning of the band's earlier much more funk oriented sound really produced what I thought was a great album. Anything after Pinkerton by Weezer. They have some seriously good stuff after that, and I'm sick of all the ""Pinkerton and Blue Album are their only good music"" crap. Yes Make Believe wasn't great, far from it, but I think Raditude and the Red Album are really solid, and Green, Memories, and Maladroit all have some sick tunes.",opinion,
"Albums you like but which are loathed by ""true fans"" of the band I'm going to start with RHCP's *One Hot Minute*, I think Navarro's psychadelic and harder rock influences and the abandoning of the band's earlier much more funk oriented sound really produced what I thought was a great album. I absolutely loved Kanye West's 808s and Heartbreak. It's an amazing break up album with some really well thought out melodies and a great, unique sound.",opinion,
"Albums you like but which are loathed by ""true fans"" of the band I'm going to start with RHCP's *One Hot Minute*, I think Navarro's psychadelic and harder rock influences and the abandoning of the band's earlier much more funk oriented sound really produced what I thought was a great album. &gt;Foxymophandlemama 

I refuse to acknowledge this song's existence.  I can respect it as an experimental work of art or whatever, but it's not something I can listen to as a work of music.

The rest of the album, while weird (esp. ""Bugs""), was damn good though.  ""Immortality"" remains my favorite PJ song of all time.",opinion,
"Albums you like but which are loathed by ""true fans"" of the band I'm going to start with RHCP's *One Hot Minute*, I think Navarro's psychadelic and harder rock influences and the abandoning of the band's earlier much more funk oriented sound really produced what I thought was a great album. I've tried to listen to it, but Aeroplane is just so good that there's no point in listening to Avery Island for me, because it's like trying to go back to your Camry after taking a spin in the Ferrari",opinion,
"A guide to the best (and a bit of the worst) of prog Rock [article](http://www.avclub.com/articles/a-guide-to-the-best-and-a-bit-of-the-worst-of-prog,79776/)


I think it's a very well-written and even-handed article. I would've liked a bit more coverage of the Canterbury Scene and a mention of Krautrock, even if the latter's not necessarily capital-P prog. I meant more in that the individual profiles of the Canterbury bands should've been expanded like he did for Yes, genesis, etc.


I see Atom Heart Mother as a very transitional album. The middle 3 tracks are good, but the book-ending tracks are more interesting than good.",analysis,
"Albums you like but which are loathed by ""true fans"" of the band I'm going to start with RHCP's *One Hot Minute*, I think Navarro's psychadelic and harder rock influences and the abandoning of the band's earlier much more funk oriented sound really produced what I thought was a great album. I can agree with that, but I still don't like it.  I get the stop gap album and ""you have to put something out"" ideology of record labels, but it's still kind of a misstep to me.  Going straight from *The Fragile* to *Year Zero* with a live album in the middle would've been much, much better.",opinion,
"Albums which have production so prominent it could be considered 'the extra member of the band'... I always have a soft spot for albums with exquisite / prominent / experimental production.

Think of an album where the production is almost as much of a talking point as the music, where it is used more like an instrument.

Here are a couple that come to mind.

Burial - Untrue
Joy Division - Closer
NIN - The Fragile Astrobear - Polar Eclipse

It was posted as a free download from a Redditor on r/Music recently, and the sounds honestly fit together better than any other album I've heard.",reaction,
"Albums you like but which are loathed by ""true fans"" of the band I'm going to start with RHCP's *One Hot Minute*, I think Navarro's psychadelic and harder rock influences and the abandoning of the band's earlier much more funk oriented sound really produced what I thought was a great album. Electriclarryland by the Butthole Surfers; with their crazier drug fueled career plateauing a couple years before it, this was the beginning of the end for them as well as their judas kiss with the song ""pepper"", almost sealing their fate in 90's mediocrity.

There are plenty of great songs on it though. They're eternally weird, and [even sometimes endearing](http://youtu.be/cwHzVum0SqI)",opinion,
"[Album Discussion Club Bonus Round] My Bloody Valentine - mbv The album is up, but the site is down.  If anyone gets a hold of it, feel free to begin the discussion.

Also, no pre-listening circle jerk in here.  If you wanna do that come join us at [r/shoegaze](http://www.reddit.com/r/shoegaze/comments/17rsi0/we_are_preparing_to_go_live_with_the_new/).  This thread is purely for *actual album discussion*. &gt;I also think the tracks stand alone much better on this album, Loveless was really only amazing as a piece.

I think this is one of the things I've noticed so far. Loveless feels like one giant Thing. Not to mention the album feels much more laidback and less busy than Loveless.",analysis,
"Albums you like but which are loathed by ""true fans"" of the band I'm going to start with RHCP's *One Hot Minute*, I think Navarro's psychadelic and harder rock influences and the abandoning of the band's earlier much more funk oriented sound really produced what I thought was a great album. I'll just say-- The Grateful Dead's studio albums, and leave it at that. I like 'em, but I pretty much loathe their omnipresent bootlegged live shows. Their live stuff bores me to shit, but those albums are mostly pretty cool! ""American Beauty"" and ""Workingman's Dead"" and their debut LP-- all solid, good listens.",opinion,
"Albums you like but which are loathed by ""true fans"" of the band I'm going to start with RHCP's *One Hot Minute*, I think Navarro's psychadelic and harder rock influences and the abandoning of the band's earlier much more funk oriented sound really produced what I thought was a great album. I really like a lot of the songs on 10,000 days on their own, but the album as a whole just didn't really wow me like the others did. Tool had perfected the art of the album as a single journey since Aenima, and Lateralus is just incredible start to finish. Despite loving Vicarious, Jambi, and Right in Two, I can't just listen to 10,000 days in a dark room start to finish like the others and go on that emotional journey that I love from them.",analysis,
"Albums you like but which are loathed by ""true fans"" of the band I'm going to start with RHCP's *One Hot Minute*, I think Navarro's psychadelic and harder rock influences and the abandoning of the band's earlier much more funk oriented sound really produced what I thought was a great album. I can see Neon Bible being your favorite Arcade Fire album, but Apologies to Queen Mary is infinitely better than At Mount Zoomer. Obviously, your entitled to your opinion, but AtQM is a much more cohesive album imo.",opinion,
"Albums you like but which are loathed by ""true fans"" of the band I'm going to start with RHCP's *One Hot Minute*, I think Navarro's psychadelic and harder rock influences and the abandoning of the band's earlier much more funk oriented sound really produced what I thought was a great album. I know what you mean, saying something as simple as ""I like Pablo Honey"" is downvoted into oblivion on [r/radiohead](http://www.reddit.com/r/radiohead)... Hell, I even like the song ""Anyone Can Play Guitar,"" but I can't mention it in fear of a public lynching... haha",reaction,
"Lets talk: Daft Punk - Random Access Memories So, it's finally out, you can stream it using iTunes and going to Daft Punk's page. Since they're such an important band and the album has generated so much attention, I guess we can have this place for discussion. I think you have to remember that the only reason these guys were able to make an electronic album that sounds this natural/vintage is because they had a massive budget for guest spots, studio musicians, any vintage vocoder they wanted, etc. This money problem is a huge hump for up and coming artists to get over, which is why lots of new electronic artists mess around in DAWs to try to create something new and intriguing.",analysis,
